province,year,cultivated_area_winter_spring,rice_yield_winter_spring,rice_production_winter_spring,cultivated_area_summer_autumn,rice_yield_summer_autumn,rice_production_summer_autumn,cultivated_area_main_season,rice_yield_main_season,rice_production_main_season
Long An,1995,156,37.8,589.5,120,29.2,350,49.7,15.4,76.3
Long An,1996,181.6,40.5,735.7,146.5,24.8,363.5,43.2,19,82
Long An,1997,205.9,42.1,866,130.6,23.3,304.4,38,18.5,70.2
Long An,1998,218.3,43.7,953.2,149.5,24.5,366.3,32.3,25.1,81
Long An,1999,234.6,40.7,956,174.2,29.6,516.3,32.4,15.6,50.5
Long An,2000,255.3,42.8,1093.4,171.8,25.8,442.6,26,14.3,37.3
Long An,2001,261.4,43.5,1138.3,155.3,28,435.2,24.2,21.8,52.7
Long An,2002,244.6,48.7,1192.3,166.2,29.9,496.2,22.5,22.3,50.1
Long An,2003,233.4,50.2,1172.6,168.6,32.3,544.8,22.1,25.1,55.4
Long An,2004,230.2,50.5,1163.5,181.5,37.5,680,21.7,27.3,59.2
Long An,2005,235.5,53.3,1255.4,174.9,35.6,622.9,18.9,29.6,55.9
Long An,2006,234.5,51,1196.9,183.2,29.1,533.6,15.5,25.1,38.9
Long An,2007,234.2,52.1,1220.4,178.8,39.3,703.5,15.4,17.3,26.7
Long An,2008,240,54,1296.8,201.7,41.4,834.5,15.3,30.6,46.8
Long An,2009,249,53.1,1322.8,201.3,40.3,810.7,13.3,18.9,25.1
Long An,2010,251.1,57.2,1436.6,207.7,39.9,828.8,12.3,32,39.4
Long An,2011,254,58.5,1486,220.2,46.8,1031.5,10,33.2,33.2
Long An,2012,262.1,60.9,1596.5,227.4,45.3,1030.6,10.1,36,36.4
Long An,2013,232.7,63.5,1477.9,286.2,45.7,1307.4,8.8,35,30.8
Long An,2014,235.5,67.1,1580.5,274.9,45.4,1247.9,8.8,36.6,32.2
Long An,2015,233.9,67.1,1569.7,283.9,46.9,1331,5.1,35.3,18
Long An,2016,232.5,60.5,1406.5,292.6,47.5,1390.2,2.3,23.9,5.5
Long An,2017,234.2,55.9,1310,290.3,45.7,1327,2.2,28.2,6.2
Long An,2018,235.6,61.2,1441.3,273.5,49.5,1354.4,2.2,31.8,7
Long An,2019,232,63.4,1471.3,272.2,47.6,1295.9,2.1,36.7,7.7
Long An,2020,227.2,64.9,1474.1,273.6,49.3,1349.4,1.8,37.2,6.7
Long An,2021,225.9,66.5,1502.5,283.7,49.9,1417.2,1.7,34.7,5.9
Long An,2022,225.9,64.5,1456.6,281.5,49.7,1397.9,1.6,41.3,6.6
Long An,2023,225.2,67.8,1526.6,289.8,53.4,1549,1.3,40.8,5.4
Long An,2024,235.7,66.1,1557.1,302.1,54.9,1659.3,1.1,44,4.8
Tien Giang,1995,79.3,55,435.8,178.6,40,714,11.4,36.7,41.8
Tien Giang,1996,87.7,53.4,468,183.6,40.4,741.1,8.9,20.2,18
Tien Giang,1997,96.1,56.2,539.7,185,40.9,757.1,7.6,30.1,22.9
Tien Giang,1998,95.2,53.8,512.2,180.1,43.8,789.1,6.2,30,18.6
Tien Giang,1999,95.9,50.9,488.4,187.2,43,804.7,3.3,26.1,8.6
Tien Giang,2000,94.7,56.8,537.9,184.9,40.8,754.5,2.8,31.1,8.7
Tien Giang,2001,94.2,57.2,539,179.6,41.3,741,2.3,33,7.6
Tien Giang,2002,90.4,61.3,554.4,174.6,41.9,730.9,0,0,0
Tien Giang,2003,89.1,58.7,522.9,171.7,43.4,745.1,0,0,0
Tien Giang,2004,88.1,60,528.3,171.3,45.9,787,0,0,0
Tien Giang,2005,85.7,61.6,527.6,166.2,46.7,775.6,0,0,0
Tien Giang,2006,83.9,59.8,501.9,163.9,43.5,712.4,0,0,0
Tien Giang,2007,83.4,63.7,531.2,163.4,47.5,775.5,0,0,0
Tien Giang,2008,82.6,66.7,551.2,162.3,47.4,769.8,0,0,0
Tien Giang,2009,82.7,64.7,535.1,163.7,47.2,772.9,0,0,0
Tien Giang,2010,81.9,65.6,537.2,162.1,48.3,783.4,0,0,0
Tien Giang,2011,81,66.7,540.4,160.8,49.3,792.4,0,0,0
Tien Giang,2012,80.6,69.8,562.3,160.8,50.2,807.7,0,0,0
Tien Giang,2013,79.3,69,547.5,156.3,51.3,801.2,0,0,0
Tien Giang,2014,77.4,72,557.5,153.2,53.1,812.8,0,0,0
Tien Giang,2015,75.1,72,541,149.6,53.7,803.4,0,0,0
Tien Giang,2016,74.2,67.8,503.1,141.2,54.2,765.1,0,0,0
Tien Giang,2017,71.6,65.7,470.5,139.2,55.9,778.8,0,0,0
Tien Giang,2018,68.8,74.6,513.2,132.5,55.9,741.2,0,0,0
Tien Giang,2019,64.9,71.9,466.6,119.4,55,656.5,0,0,0
Tien Giang,2020,57.6,64.9,374,78.4,54.5,427.2,0,0,0
Tien Giang,2021,51.7,71.1,367.2,80.2,58.5,469,0,0,0
Tien Giang,2022,49.2,71.2,350.1,85.7,57,488.4,0,0,0
Tien Giang,2023,48.2,69.8,336.3,81.2,56,454.7,0,0,0
Tien Giang,2024,44.9,70.2,315,75.5,57.2,431.9,0,0,0
Ben Tre,1995,22.1,41.2,91.1,21,36.7,77,49.6,30.5,151.2
Ben Tre,1996,21.8,43.6,95.1,25.9,36.9,95.5,50,32.4,162.1
Ben Tre,1997,23.6,43.9,103.5,23.3,35.1,81.8,51.9,25.8,133.9
Ben Tre,1998,23.6,43,101.5,26.5,37.1,98.2,50.7,27.4,138.7
Ben Tre,1999,23.7,38.4,90.9,28.4,35.4,100.6,49,27.7,135.5
Ben Tre,2000,23.2,48.5,112.5,29.5,39,115.1,48.9,26.5,129.7
Ben Tre,2001,23.8,46.3,110.3,30,37.9,113.6,47,33.1,155.8
Ben Tre,2002,24.9,46.7,116.4,28.8,38.2,110.1,45.9,36.1,165.6
Ben Tre,2003,23.6,48.5,114.5,27.3,37.1,101.4,44.6,37,165.1
Ben Tre,2004,22.5,50.8,114.2,26.5,39,103.4,41.5,36.3,150.5
Ben Tre,2005,21.8,44.2,96.4,24,37.6,90.3,37.7,41,154.7
Ben Tre,2006,20.7,50.3,104.2,25.4,34,86.4,35.7,39.7,141.9
Ben Tre,2007,20.7,54.4,112.6,24.2,40.1,97.1,34.8,27.3,95.1
Ben Tre,2008,20.6,57.4,118.3,24.5,42.2,103.4,34.1,40.9,139.4
Ben Tre,2009,21.1,58.9,124.2,24.2,39.8,96.3,35.8,39.7,142.2
Ben Tre,2010,21.1,57.4,121.2,23.2,39.2,91,35.9,43.1,154.6
Ben Tre,2011,20.2,52.3,105.6,23.1,46.6,107.7,33.6,44.3,148.9
Ben Tre,2012,20,57.8,115.6,22.2,47.4,105.2,33.6,45.9,154.2
Ben Tre,2013,19,50.7,96.3,20.1,43.7,87.9,33.1,44.5,147.4
Ben Tre,2014,18.1,58,105,19.3,42.7,82.5,29.2,45,131.4
Ben Tre,2015,17.2,50.9,87.6,17.9,40.1,71.8,27.9,42.8,119.4
Ben Tre,2016,15.1,0.5,0.8,16.6,40.1,66.5,9.8,20.7,20.3
Ben Tre,2017,15.7,44.2,69.4,30.8,41.6,128,8.4,35.5,29.8
Ben Tre,2018,13.8,56.1,77.4,30,44.8,134.5,8,31,24.8
Ben Tre,2019,12.8,48.2,61.7,28,45.7,128,6.8,35.9,24.4
Ben Tre,2020,5.3,0.4,0.2,10.7,34.7,37.1,6,36.3,21.8
Ben Tre,2021,11,50.7,55.9,20.5,46.6,95.7,5,30,15
Ben Tre,2022,0.8,51.3,4.1,17.8,48.5,86.3,5,40.8,20.4
Ben Tre,2023,1.1,52.9,5.7,16,52.1,83.1,5.2,40.6,20.9
Ben Tre,2024,0.8,50.9,3.9,8.8,44.9,39.7,4.9,42.7,20.9
Tra Vinh,1995,35,48.5,169.6,50,44.1,220.5,84.3,30.5,257.3
Tra Vinh,1996,39.1,46.2,180.6,66.3,34.9,231.2,53.8,49.6,266.9
Tra Vinh,1997,46,47.3,217.7,73.4,34,249.8,81.5,30.2,246.5
Tra Vinh,1998,48.5,48.7,236.1,80,32.7,261.4,81.5,30.2,246.5
Tra Vinh,1999,53.2,41.2,219,84.6,40,338.2,94.8,29.7,282
Tra Vinh,2000,53,49.4,261.9,87,41.8,363.3,97,32.9,319.5
Tra Vinh,2001,54.3,39.9,216.4,87.6,37.3,326.7,98.5,36.5,359.2
Tra Vinh,2002,55,51.6,283.7,84.9,40.7,345.3,95.9,39.3,376.9
Tra Vinh,2003,53.6,53.1,284.6,86.6,41.9,362.9,96,41.5,398.1
Tra Vinh,2004,53.9,53.2,287,86.7,41.7,361.2,95,40.6,385.7
Tra Vinh,2005,53.6,56.1,300.5,84.9,40.1,340.5,93.9,41.3,387.8
Tra Vinh,2006,52.8,51.1,269.9,82.8,41.3,341.8,92.6,43,398.1
Tra Vinh,2007,49.7,46.3,229.9,81.1,47.4,384.6,93.2,33.8,315.3
Tra Vinh,2008,53.7,54.8,294.5,82.9,47.8,396.4,90.3,43.8,395.8
Tra Vinh,2009,56.1,53,297.5,82.4,48.1,396.2,93.4,41,383.1
Tra Vinh,2010,59.5,58.3,346.8,81.4,46.6,379,91.8,46.9,430.2
Tra Vinh,2011,61.1,47.4,289.6,81,53.3,431.9,90.9,47.7,433.8
Tra Vinh,2012,58.2,62.3,362.6,80.2,54.2,434.8,89,51.8,460.6
Tra Vinh,2013,64.5,60.3,389,80.7,51.8,418.1,90.4,51.7,467.7
Tra Vinh,2014,66.4,67.2,446.2,80.2,50.7,407,89.2,53.1,473.7
Tra Vinh,2015,68.9,68.1,469.3,164.3,52.3,859.1,2.6,42.7,11.1
Tra Vinh,2016,68.8,40.4,277.7,139.4,47.9,667.9,2.4,44.6,10.7
Tra Vinh,2017,59.9,59,353.3,157.9,49,773.4,2.4,44.6,10.7
Tra Vinh,2018,66.4,67.1,445.7,155.1,52.5,815,1.7,43.5,7.4
Tra Vinh,2019,68.6,66.2,453.9,153.5,51.8,795,2.2,45.5,10
Tra Vinh,2020,60.5,35.4,214.3,142.4,50.3,716.7,2.3,37.8,8.7
Tra Vinh,2021,59.7,64.1,382.6,147.9,51.4,759.7,1.3,50,6.5
Tra Vinh,2022,63.3,65,411.5,134.6,47.6,640.3,1.1,47.4,5.2
Tra Vinh,2023,62.1,61,378.7,140.2,51.8,726.6,1.1,44.3,5.1
Tra Vinh,2024,61.7,67,413.6,140,52.6,736.1,1,46.9,4.7
Vinh Long,1995,72.7,52.3,379.9,124,36,446.7,9.3,37.6,35
Vinh Long,1996,73.8,55.6,410.6,131.3,34.9,457.6,4.7,36.2,17
Vinh Long,1997,74.8,56.5,422.3,118.8,36.5,433.2,4.5,40.7,18.3
Vinh Long,1998,75.9,59.2,449,150.2,33.9,509.8,2.4,44.6,10.7
Vinh Long,1999,76.2,54.7,417.1,145.9,37,540.4,2.1,40.5,8.5
Vinh Long,2000,76,57.1,434.2,128.8,38.2,492.2,3.8,38.4,14.6
Vinh Long,2001,75.9,53.1,403.4,137.9,36.1,497.5,2.5,41.2,10.3
Vinh Long,2002,74.5,59.6,444.3,133,38.3,509.4,2.3,41.7,9.6
Vinh Long,2003,72.7,58,421.9,131.9,38.2,503.4,2.4,46.3,11.1
Vinh Long,2004,71.5,59.1,422.6,134.8,39.5,532.7,1.8,46.1,8.3
Vinh Long,2005,70.9,61.7,437.7,132.2,40.5,535.3,0,0,0
Vinh Long,2006,69.7,61,424.9,126.8,40,507.4,0,0,0
Vinh Long,2007,68.5,61.1,418.8,89.8,43.7,392,0,0,0
Vinh Long,2008,68.2,63.2,431.3,109.2,42.6,464.8,0,0,0
Vinh Long,2009,67.6,63.2,427.5,109.1,44.4,483.9,0,0,0
Vinh Long,2010,66.9,67.8,453.9,103.1,46.1,475,0,0,0
Vinh Long,2011,65.8,66.1,434.8,115.7,51.6,597.5,0,0,0
Vinh Long,2012,63.8,68.1,434.5,122.1,52.8,645.1,0,0,0
Vinh Long,2013,63.5,66.5,422,118.4,54.2,641.7,0,0,0
Vinh Long,2014,61.5,70.9,435.9,118.7,54.9,651.3,0,0,0
Vinh Long,2015,61,71.6,437,119.5,55,657.7,0,0,0
Vinh Long,2016,61.2,63.8,390.5,115.3,47.5,548.2,0,0,0
Vinh Long,2017,59,60,354.1,110.4,53.3,588.4,0,0,0
Vinh Long,2018,56.2,66.2,371.8,105.7,56.5,597.7,0,0,0
Vinh Long,2019,55.2,62.6,345.7,100.3,56.1,562.6,0,0,0
Vinh Long,2020,52.4,68.8,360.3,93.4,57.3,534.8,0,0,0
Vinh Long,2021,47.5,70.6,335.3,87,55.4,482.6,0,0,0
Vinh Long,2022,46.4,70,324.8,66,53.8,354.9,0,0,0
Vinh Long,2023,39.8,68.9,274,72.9,55.1,402.2,0,0,0
Vinh Long,2024,38.1,70.8,270.2,71.8,56.8,407.8,0,0,0
Dong Thap,1995,175,53.9,943.5,185,36.2,669.9,1,31,3.1
Dong Thap,1996,189.3,52,983.9,201,36.5,734.4,0.5,34,1.7
Dong Thap,1997,196.6,57,1121.3,175.3,35.8,627.6,0,0,0
Dong Thap,1998,198.2,58.1,1151.8,224.4,34.7,778.2,0,0,0
Dong Thap,1999,202.6,56.3,1140.8,240.1,39,935.4,0,0,0
Dong Thap,2000,203.7,58.7,1196.3,204.7,33.3,682.2,0,0,0
Dong Thap,2001,206,60,1235.3,202.3,36,728.3,0,0,0
Dong Thap,2002,204.5,63.5,1298.7,221.9,39.7,880,0,0,0
Dong Thap,2003,203.1,63.1,1281.9,233.3,40,933,0,0,0
Dong Thap,2004,202.5,63.8,1292.1,250.5,45.1,1128.8,0,0,0
Dong Thap,2005,203.3,67,1362.8,264.4,47,1243.7,0,0,0
Dong Thap,2006,205.6,65.4,1343.9,248.4,42.7,1061,0,0,0
Dong Thap,2007,208.4,68.3,1422.6,238.7,47,1121.8,0,0,0
Dong Thap,2008,208,69.9,1453.9,260.1,48.7,1266.3,0,0,0
Dong Thap,2009,207.2,68.9,1428.4,243.6,50.2,1222,0,0,0
Dong Thap,2010,207.7,70.9,1472.7,257.4,51.8,1334.3,0,0,0
Dong Thap,2011,206.9,71.6,1482,294.2,55,1618.2,0,0,0
Dong Thap,2012,208.3,72.2,1504.8,279.3,55.4,1547,0,0,0
Dong Thap,2013,208.2,70.7,1472.8,333.6,55.6,1854.2,0,0,0
Dong Thap,2014,207.4,72.2,1497,321.2,56.1,1803,0,0,0
Dong Thap,2015,204.9,70.4,1443.2,341.1,56.9,1941.3,0,0,0
Dong Thap,2016,208.8,68,1420.3,342.6,57.7,1976.5,0,0,0
Dong Thap,2017,208.9,60,1254.4,329.4,59.3,1952.4,0,0,0
Dong Thap,2018,205.7,69.9,1438.2,314.7,60.1,1892,0,0,0
Dong Thap,2019,205.4,70,1437.4,316.2,60.5,1912.4,0,0,0
Dong Thap,2020,200.6,72.4,1452,313.6,61.3,1922.5,0,0,0
Dong Thap,2021,196.1,73.2,1435,308.3,61.8,1904.7,0,0,0
Dong Thap,2022,189.3,73.2,1384.8,292.9,63.2,1850.2,0,0,0
Dong Thap,2023,190.2,73.1,1390.1,308.2,62.8,1935.2,0,0,0
Dong Thap,2024,188.9,72.1,1361.4,307.1,64.2,1969.9,0,0,0
An Giang,1995,178,61.2,1088.9,185,41.6,770,28.8,11.7,33.6
An Giang,1996,188.2,60.2,1132.5,206.7,38.5,795.7,22.3,19.4,43.3
An Giang,1997,209.8,62.3,1307.6,190,34.2,649.8,15.2,15.2,23.1
An Giang,1998,212.5,61.6,1308.7,200,35.5,710.5,16.7,15.2,25.4
An Giang,1999,216.6,58.1,1258.8,231.5,35.2,814.5,14.8,18,26.7
An Giang,2000,220.4,61,1344.9,232.8,34.7,807,11.2,23,25.8
An Giang,2001,221.7,55.6,1231.8,225.9,37.6,849.4,11.5,28,32.2
An Giang,2002,218.8,65.4,1430.9,246.6,46.2,1139.2,11.8,20,23.6
An Giang,2003,220.5,64.1,1413.9,275.2,45.5,1250.6,8.3,26.3,21.8
An Giang,2004,220.3,65.2,1436.4,294,52.6,1546.8,8.7,27.2,23.7
An Giang,2005,223.3,69.3,1547.6,298.1,52.6,1568.7,8.3,30.5,25.3
An Giang,2006,231.1,68.1,1572.7,265.1,50.1,1327,7.3,32.2,23.5
An Giang,2007,230.6,71.1,1639.6,282.5,52.6,1486.3,7.2,23.6,17
An Giang,2008,231.7,73.1,1694.8,324.7,55.1,1788,8.1,38.3,31
An Giang,2009,234.1,71.6,1677.2,315.6,54.4,1715.8,7.6,37.5,28.5
An Giang,2010,234.2,73,1708.9,347,55.4,1920.9,5.4,43.1,23.3
An Giang,2011,235.5,75.1,1768.8,366.7,56.3,2064.7,5.4,43.1,23.3
An Giang,2012,235.9,74,1746.1,383.3,56.5,2165.8,5.9,50.3,29.7
An Giang,2013,238.1,73.5,1749.4,397.9,56.4,2244.6,5.4,50.7,27.4
An Giang,2014,237.5,77.4,1837.2,383.2,56.4,2161.4,5.1,47.6,24.3
An Giang,2015,238.6,75.6,1804.4,400.3,56.2,2250.1,5.3,36.2,19.2
An Giang,2016,239.3,71.9,1719.9,424.7,52.6,2234.6,5,40.2,20.1
An Giang,2017,236.2,70.3,1660.4,399.9,55.1,2202,5,34.4,17.2
An Giang,2018,235,73.5,1727.4,388,56.7,2199.1,0.1,30,0.3
An Giang,2019,233.7,71,1659.3,387.8,57.8,2241,4.8,39.6,19
An Giang,2020,229.4,71.7,1645.2,403,58.3,2348.6,4.8,42.3,20.3
An Giang,2021,230.4,76.9,1771.8,390,60.3,2350.8,4.5,45.6,20.5
An Giang,2022,229.8,73.4,1685.9,371,60.5,2242.8,3.6,42.1,15.2
An Giang,2023,227.7,75.5,1719.4,385,60.6,2334.6,3.5,39.1,13.7
An Giang,2024,227.8,74.4,1695.5,387.3,60.9,2359.6,3.5,38.7,13.6
Kien Giang,1995,107,53.1,568.6,170,37,629.1,103.3,25.6,264.7
Kien Giang,1996,144.2,54.5,785.5,211.7,29.3,620,93.7,31.2,292
Kien Giang,1997,155.4,54.2,842.1,188.8,32.7,617.2,95.5,24.4,232.9
Kien Giang,1998,160.1,53.6,858,249,32.7,813.9,96.8,23.6,228.5
Kien Giang,1999,182.7,48.3,882.7,255.7,35.5,909,82.9,28.3,234.5
Kien Giang,2000,232.6,49.6,1153.2,266.9,38.7,1032.5,41.5,23.8,98.6
Kien Giang,2001,249.7,45,1123.2,268.3,36.4,977.9,32.6,26.7,86.9
Kien Giang,2002,254.3,53,1347.5,293.3,39.6,1160.7,28.3,24.8,70.2
Kien Giang,2003,266.6,52.6,1402.1,277.1,37.2,1030.6,19.4,29.3,56.9
Kien Giang,2004,250.8,56.8,1424.2,286.4,41.9,1199.4,33.1,35.1,116.2
Kien Giang,2005,250.8,59.9,1503.4,299.8,42.8,1282,45.2,35.2,158.9
Kien Giang,2006,256.7,59.5,1528.2,293.8,36.8,1081.8,44.6,30.1,134.3
Kien Giang,2007,265.3,59.3,1572.6,266.4,46.2,1230.5,51.2,34,174.2
Kien Giang,2008,270.2,67.1,1813.2,279,48,1338,60,39.3,236
Kien Giang,2009,277.8,67,1860.3,282.1,46.1,1300,62.2,38.2,237.4
Kien Giang,2010,283.9,66.6,1892.1,296.6,46.1,1367.9,62.2,38.1,237.1
Kien Giang,2011,287.2,69.5,1995.5,345.3,49.9,1723.6,54.4,37.1,202
Kien Giang,2012,292.2,70.6,2061.7,368.5,52.9,1950.5,64.4,42.7,274.9
Kien Giang,2013,300.6,69.1,2076.4,403.9,52.3,2112.8,65.9,42.9,282.6
Kien Giang,2014,305.9,72.2,2207.6,385.3,53.1,2044.3,62.4,44.9,280.3
Kien Giang,2015,307.3,72.4,2224.5,399.2,53.5,2135.2,63,45,283.3
Kien Giang,2016,301,61.5,1850.3,404.8,54.4,2203.7,60.1,17.9,107.5
Kien Giang,2017,298.8,60.2,1799.7,389.1,54.6,2122.7,47.4,28.8,136.4
Kien Giang,2018,290,70.7,2051,379.8,51.3,1950,58.6,45.5,266.4
Kien Giang,2019,289.1,68.8,1989,368.9,53.8,1983.2,64.1,49.8,319.3
Kien Giang,2020,289.8,73.2,2122.3,373.4,55.8,2084.4,62.6,51.4,321.8
Kien Giang,2021,284.4,76.2,2166.1,372.9,55.9,2085,58.4,45.5,265.5
Kien Giang,2022,283.9,73.6,2089.5,348.6,56.1,1954.1,67.3,53.8,361.8
Kien Giang,2023,281,76.8,2159.6,363.3,56,2035.8,68.5,53.5,366.5
Kien Giang,2024,280.4,77.5,2173,372.9,57.4,2141.1,72.4,55.3,400.4
Can Tho,1995,165.6,52.3,865.3,230,35.8,824.1,6.2,34.4,21.3
Can Tho,1996,163.6,56.5,924.3,233.8,36.6,855.6,8.4,27.6,23.2
Can Tho,1997,167.2,56.8,949.1,214,34.6,741.3,8.2,27.6,22.6
Can Tho,1998,167.4,58.1,973.3,257.8,34.9,898.8,8.5,26.6,22.6
Can Tho,1999,175.2,54.9,961.6,291.4,34.9,1018,0,0,0
Can Tho,2000,180.3,57.1,1029.1,233.1,36.6,853.7,0,0,0
Can Tho,2001,181.9,56,1018.8,259.2,36.1,935.6,0,0,0
Can Tho,2002,180.9,63.6,1151.2,275.7,38.6,1065,0,0,0
Can Tho,2003,177.6,61.1,1085.2,275.8,38.3,1057.2,0,0,0
Can Tho,2004,93.9,68,638.5,136,40.9,556.2,0,0,0
Can Tho,2005,93.4,69.7,651.3,138.6,42,582.4,0,0,0
Can Tho,2006,93,66.9,622.1,129.8,40.9,530.9,0,0,0
Can Tho,2007,92.1,68,626.3,115.8,43.6,505.3,0,0,0
Can Tho,2008,90.6,68.5,620.9,128,45.1,577.6,0,0,0
Can Tho,2009,90.1,67.3,606.4,118.7,44.8,531.7,0,0,0
Can Tho,2010,89.8,70.6,634.1,119.6,47,562.6,0,0,0
Can Tho,2011,88.7,71.6,635.1,136,48.1,654.6,0,0,0
Can Tho,2012,87.8,72.9,640,140.4,48.4,679.8,0,0,0
Can Tho,2013,88,72.4,637.2,148.6,49.3,733.1,0,0,0
Can Tho,2014,88,73.4,646.1,144.3,50,721.6,0,0,0
Can Tho,2015,87.3,73.9,645.3,150.6,50.7,762.8,0,0,0
Can Tho,2016,86.7,71,615.8,153.3,51,782,0,0,0
Can Tho,2017,85.4,65.2,556.7,154.7,53.7,830.5,0,0,0
Can Tho,2018,82.5,71.6,590.9,154.8,54,835.4,0,0,0
Can Tho,2019,81.3,69.6,565.6,143.8,55.7,800.3,0,0,0
Can Tho,2020,79.3,72.2,572.6,143.7,57.1,820.6,0,0,0
Can Tho,2021,77.2,74.5,575.2,145.2,57.8,838.9,0,0,0
Can Tho,2022,76,74.2,564,140.3,57.2,802.7,0,0,0
Can Tho,2023,75,74.6,559.8,141.2,56.8,802.4,0,0,0
Can Tho,2024,72.8,75,545.9,139.8,56.7,793.2,0,0,0
Hau Giang,1995,0,0,0,0,0,0,0,0,0
Hau Giang,1996,0,0,0,0,0,0,0,0,0
Hau Giang,1997,0,0,0,0,0,0,0,0,0
Hau Giang,1998,0,0,0,0,0,0,0,0,0
Hau Giang,1999,0,0,0,0,0,0,0,0,0
Hau Giang,2000,0,0,0,0,0,0,0,0,0
Hau Giang,2001,0,0,0,0,0,0,0,0,0
Hau Giang,2002,0,0,0,0,0,0,0,0,0
Hau Giang,2003,0,0,0,0,0,0,0,0,0
Hau Giang,2004,84.9,61.3,520.8,143.5,38.7,555.9,0,0,0
Hau Giang,2005,85.4,63.9,546.1,143,39.4,563.1,0,0,0
Hau Giang,2006,84.2,62.1,522.5,142.9,37.8,540.3,0,0,0
Hau Giang,2007,79,52.7,416.6,110.3,40.7,448.5,0,0,0
Hau Giang,2008,81.6,61.6,502.8,121.3,42.6,517.3,0,0,0
Hau Giang,2009,82.3,63,518.8,108.9,43.6,475,0,0,0
Hau Giang,2010,84.3,65.1,548.5,126.4,42.9,541.7,0,0,0
Hau Giang,2011,83,67,556.3,129.7,44.1,572.2,0,0,0
Hau Giang,2012,77.9,71.1,554.2,136.2,45.9,625.7,0,0,0
Hau Giang,2013,79.9,71.1,567.7,132.1,47.2,623.6,0,0,0
Hau Giang,2014,77.5,75.2,582.7,127.8,48.7,621.9,0,0,0
Hau Giang,2015,80,77.3,618.5,127.1,53.1,674.6,0,0,0
Hau Giang,2016,79.4,70,556.1,122.8,55,675,0,0,0
Hau Giang,2017,77.9,68.2,531.5,128.7,56.7,729.5,0,0,0
Hau Giang,2018,78,73.1,570,116.6,58,676.1,0,0,0
Hau Giang,2019,78.4,73.4,575.4,117.7,58.1,683.6,0,0,0
Hau Giang,2020,77.8,76.6,595.9,120.4,58,698.2,0,0,0
Hau Giang,2021,77,78.2,602.2,112,60,672.3,0,0,0
Hau Giang,2022,76.6,77.8,596.2,111.7,58.9,657.7,0,0,0
Hau Giang,2023,75.5,77.5,585.4,102.3,58.8,601.3,0,0,0
Hau Giang,2024,74.4,77.6,577.4,101.9,58.4,595.7,0,0,0
Soc Trang,1995,45,48.1,216.3,98,45.4,445.4,132.6,32.2,426.4
Soc Trang,1996,61.4,43,264.3,148.8,33.7,501.6,110,35,384.5
Soc Trang,1997,69.3,42.6,295.4,140.3,36.8,516.6,121.1,30.5,369.2
Soc Trang,1998,119.7,45.2,541.1,150.3,41.8,629,73.6,28.7,211.4
Soc Trang,1999,137.2,45.3,621.7,168.3,41.6,700.2,51,36.4,185.6
Soc Trang,2000,132,48.5,640.6,171.3,43,737,67.1,35.8,240.4
Soc Trang,2001,134.6,44.7,602.3,159.6,44.2,705.4,54.6,39.9,218
Soc Trang,2002,140.6,50.5,709.4,165.9,45.3,751.9,48.4,37.5,181.5
Soc Trang,2003,138.6,51.1,708.2,170.7,44.3,756.7,40.3,36.1,145.3
Soc Trang,2004,136.5,52.4,715,154.2,46.8,721.4,24.5,36.6,89.7
Soc Trang,2005,136,55.3,752.5,154.4,49.5,764.1,31.2,37.7,117.6
Soc Trang,2006,139.7,53.8,752.1,160.9,47.1,757.4,23.8,38.9,92.7
Soc Trang,2007,140.7,50.1,704.9,158.9,50.3,798.9,25.8,38.3,98.7
Soc Trang,2008,139.3,59.1,822.8,160.7,51.1,821.4,22.3,42.7,95.3
Soc Trang,2009,138.6,58.6,811.8,169.1,50.4,852.2,26.9,43.3,116.4
Soc Trang,2010,139.6,62.5,872.4,188.2,52.9,995.1,21.8,45.5,99.1
Soc Trang,2011,138.3,63.9,884,187.1,58.9,1102.9,23.6,43.9,103.7
Soc Trang,2012,138.8,65.5,909.8,200.5,60.6,1214.6,26.6,47.9,127.4
Soc Trang,2013,141.3,66,933.2,200.7,56.2,1128.2,31.5,50.3,158.6
Soc Trang,2014,141.3,68,961.3,192,59.9,1150.8,30.6,50.1,153.2
Soc Trang,2015,196.7,68.5,1348,152.4,56.3,858.2,13.6,51,69.3
Soc Trang,2016,189.3,62.4,1181.8,153.3,56.4,864.5,14.1,48.8,68.8
Soc Trang,2017,183.9,64.5,1186,151.8,56.3,855.1,12.5,51.2,64
Soc Trang,2018,193.4,64.6,1250.2,146.4,56.1,821,12,51.3,61.6
Soc Trang,2019,198.5,65.2,1293.4,146.3,56.1,821.1,11.5,50.1,57.6
Soc Trang,2020,183,64.8,1186.1,159,52.4,833.8,11.7,51.2,59.9
Soc Trang,2021,174.3,67.9,1183.5,142.3,57.5,818.2,11.3,50.5,57.1
Soc Trang,2022,182.2,67.1,1222.3,140,54.7,766.3,10.6,50.9,54
Soc Trang,2023,174.5,68,1187.2,145,57.5,834.2,10.9,51.1,55.8
Soc Trang,2024,182,70.1,1274.8,145.7,58.6,853.5,10.4,54.9,57.2
Bac Lieu,1995,0,0,0,18.5,33.7,62.3,111.6,38.7,432
Bac Lieu,1996,1.1,27.3,3,29.3,29.3,85.9,109.4,42.6,465.9
Bac Lieu,1997,7.1,23,16.3,30.3,40.1,121.6,114.6,33.1,379.6
Bac Lieu,1998,20.6,24.9,51.2,53.2,41.6,221.2,96.9,41.8,405
Bac Lieu,1999,28.7,44.1,126.6,70.8,40.4,285.8,106.4,36.9,392.2
Bac Lieu,2000,34.4,42,144.6,84.6,42.9,363.2,98.3,39.2,385.7
Bac Lieu,2001,25.7,40.6,104.4,72.9,42.7,311.3,79.5,39.2,311.3
Bac Lieu,2002,19,44.2,84,72.7,44.3,322.4,78.1,36.8,287.7
Bac Lieu,2003,19.2,40.9,78.6,58.3,44.5,259.4,72.9,39.8,289.9
Bac Lieu,2004,11.3,54.4,61.5,56.6,46.3,262,69.4,41.9,290.9
Bac Lieu,2005,18.6,50.9,94.6,58.6,47.3,277.4,64.1,45.2,289.5
Bac Lieu,2006,28,56.1,157,50.8,44.7,227,65.3,44.9,293.2
Bac Lieu,2007,33.9,52.2,176.9,53.3,42.2,224.9,62.7,46.5,291.4
Bac Lieu,2008,40,58.2,232.7,49.1,47.8,234.6,65.9,45.1,297.1
Bac Lieu,2009,42.2,58.3,246.1,55.8,46.2,257.6,68.5,46.2,316.6
Bac Lieu,2010,44.6,56.4,251.6,56.9,50.5,287.3,56.8,47.6,270.6
Bac Lieu,2011,45.8,66.7,305.3,55.8,54,301.1,62.7,48.2,302.5
Bac Lieu,2012,54.6,63.4,346.1,55.8,53.7,299.4,68.3,50,341.2
Bac Lieu,2013,49.3,66,325.2,56.4,54.8,309,76.1,50.4,383.7
Bac Lieu,2014,46.2,72.4,334.7,56,55.4,310.1,78,50.3,392.2
Bac Lieu,2015,46.6,72.8,339.2,101.8,57.4,584.8,32.2,43.6,140.5
Bac Lieu,2016,45.6,67.7,308.5,97.8,57.6,563.7,28.9,41.8,120.9
Bac Lieu,2017,46.3,72,333.3,103,56.6,582.6,31.3,47.6,149
Bac Lieu,2018,48.4,73.7,356.6,102.9,58,596.7,33.7,48.1,162
Bac Lieu,2019,48.3,74.6,360.1,103.1,58.7,605.6,36.8,49.4,181.9
Bac Lieu,2020,47.5,76.7,364.2,100.5,58.2,585.4,39.6,56,221.6
Bac Lieu,2021,48.8,77.3,377,102.8,59.3,609.5,39.4,60.9,239.9
Bac Lieu,2022,48.2,75.7,364.9,99.2,58.6,580.9,41.5,60.7,252
Bac Lieu,2023,43.3,77.6,335.7,101.9,62,631.8,46.5,58.4,271.5
Bac Lieu,2024,45,77.6,349.4,99.7,62.6,623.9,46.9,62.6,293.4
Ca Mau,1995,0,0,0,17.5,49.9,87.4,169.5,26.2,444.1
Ca Mau,1996,0.4,40,1.6,34.6,33.6,116.1,166.1,28.8,478.9
Ca Mau,1997,2.2,40,8.8,40.4,37.1,149.7,178.3,21.9,390.9
Ca Mau,1998,9,13.2,11.9,55,36.3,199.5,170,29.8,506.3
Ca Mau,1999,21.9,39.7,87,61.6,38.6,237.6,160.3,32.4,519.3
Ca Mau,2000,15,36.7,55.1,86.2,41.9,361.2,147,29.5,434.2
Ca Mau,2001,8.4,39.6,33.3,32.9,35.4,116.6,90.2,29.8,268.5
Ca Mau,2002,6.2,24,14.9,37.3,37.2,138.8,87,30.7,266.8
Ca Mau,2003,0.9,31.1,2.8,34.1,35,119.3,72,32.1,230.8
Ca Mau,2004,0.7,38.6,2.7,35.8,38.5,137.9,95.1,27.7,263.5
Ca Mau,2005,0.4,35,1.4,36.2,41.6,150.5,73,32.2,235
Ca Mau,2006,0.4,37.5,1.5,36.1,36.6,132.3,78.9,34.2,269.5
Ca Mau,2007,0,0,0,36,33.9,122.2,87.1,34.1,297
Ca Mau,2008,0,0,0,36.3,38.8,141,96.6,35.4,341.8
Ca Mau,2009,0,0,0,36.1,39.3,141.8,102.9,35.2,361.7
Ca Mau,2010,0,0,0,35.6,43.1,153.6,89.9,38.3,344.7
Ca Mau,2011,0,0,0,35.4,45.3,160.2,94.8,40.1,380.2
Ca Mau,2012,0,0,0,35.8,47.7,170.8,93.4,41.2,385.2
Ca Mau,2013,0,0,0,35.5,45.4,161,94.3,43,405.5
Ca Mau,2014,0,0,0,36.7,43.2,158.5,90.7,43.4,393.5
Ca Mau,2015,0,0,0,36.4,41.8,152.1,90.2,34.7,313.1
Ca Mau,2016,0,0,0,37.1,44.8,166.2,75.1,38.1,285.8
Ca Mau,2017,1.3,30,3.9,36.7,42.6,156.3,75.1,38.1,285.8
Ca Mau,2018,0,0,0,36.5,41.3,150.6,80.9,47,380.1
Ca Mau,2019,36.5,53.9,196.6,36.1,46.8,169,43,37.2,159.9
Ca Mau,2020,36.1,57.8,208.7,35.8,38.8,138.8,40.5,24.5,99.4
Ca Mau,2021,35.7,65.2,232.8,35.3,48.5,171.3,29.1,18.9,54.9
Ca Mau,2022,35.3,60.8,214.5,35.2,46.5,163.5,40.5,41,166
Ca Mau,2023,35.2,62.1,218.7,35.2,49.5,174.5,40.9,42.9,175.2
Ca Mau,2024,35.2,61.7,217.4,35.2,50.2,177,42.9,41.8,179.3
