province,year,season,rice_yield,yield_class,expected_yield,residual
Long An,1995,winter_spring,37.8,Low,40.323225806451774,-2.5232258064517765
Long An,1995,summer_autumn,29.2,High,24.30236559139803,4.89763440860197
Long An,1995,main_season,15.4,Medium,16.595483870967882,-1.1954838709678821
Long An,1996,winter_spring,40.5,Medium,41.33334816462752,-0.8333481646275231
Long An,1996,summer_autumn,24.8,Medium,25.35760474601466,-0.5576047460146576
Long An,1996,main_season,19.0,High,17.410967741935565,1.5890322580644352
Long An,1997,winter_spring,42.1,Medium,42.34347052280327,-0.2434705228032712
Long An,1997,summer_autumn,23.3,Low,26.412843900630833,-3.112843900630832
Long An,1997,main_season,18.5,Medium,18.226451612903475,0.2735483870965254
Long An,1998,winter_spring,43.7,Medium,43.35359288097902,0.34640711902098076
Long An,1998,summer_autumn,24.5,Low,27.468083055247007,-2.968083055247007
Long An,1998,main_season,25.1,High,19.041935483871157,6.0580645161288444
Long An,1999,winter_spring,40.7,Low,44.36371523915477,-3.6637152391547687
Long An,1999,summer_autumn,29.6,Medium,28.52332220986318,1.07667779013682
Long An,1999,main_season,15.6,Low,19.85741935483884,-4.25741935483884
Long An,2000,winter_spring,42.8,Low,45.37383759733052,-2.573837597330524
Long An,2000,summer_autumn,25.8,Low,29.578561364479356,-3.778561364479355
Long An,2000,main_season,14.3,Low,20.67290322580652,-6.372903225806521
Long An,2001,winter_spring,43.5,Low,46.38395995550627,-2.8839599555062705
Long An,2001,summer_autumn,28.0,Low,30.63380051909553,-2.63380051909553
Long An,2001,main_season,21.8,Medium,21.48838709677443,0.3116129032255692
Long An,2002,winter_spring,48.7,Medium,47.39408231368202,1.3059176863179829
Long An,2002,summer_autumn,29.9,Low,31.689039673711704,-1.7890396737117058
Long An,2002,main_season,22.3,Medium,22.303870967742114,-0.0038709677421131516
Long An,2003,winter_spring,50.2,High,48.40420467185777,1.7957953281422334
Long An,2003,summer_autumn,32.3,Medium,32.74427882832833,-0.4442788283283363
Long An,2003,main_season,25.1,High,23.119354838709796,1.9806451612902052
Long An,2004,winter_spring,50.5,Medium,49.41432703003352,1.085672969966481
Long An,2004,summer_autumn,37.5,High,33.79951798294451,3.700482017055492
Long An,2004,main_season,27.3,High,23.934838709677706,3.3651612903222947
Long An,2005,winter_spring,53.3,High,50.42444938820927,2.875550611790729
Long An,2005,summer_autumn,35.6,Medium,34.85475713756068,0.7452428624393193
Long An,2005,main_season,29.6,High,24.75032258064539,4.849677419354613
Long An,2006,winter_spring,51.0,Medium,51.43457174638502,-0.43457174638501783
Long An,2006,summer_autumn,29.1,Low,35.90999629217686,-6.809996292176855
Long An,2006,main_season,25.1,Medium,25.56580645161307,-0.46580645161306933
Long An,2007,winter_spring,52.1,Medium,52.44469410456077,-0.3446941045607659
Long An,2007,summer_autumn,39.3,High,36.96523544679303,2.3347645532069663
Long An,2007,main_season,17.3,Low,26.381290322580753,-9.081290322580752
Long An,2008,winter_spring,54.0,Medium,53.45481646273652,0.5451835372634832
Long An,2008,summer_autumn,41.4,High,38.020474601409205,3.3795253985907934
Long An,2008,main_season,30.6,High,27.196774193548663,3.4032258064513385
Long An,2009,winter_spring,53.1,Low,54.464938820912266,-1.3649388209122648
Long An,2009,summer_autumn,40.3,Medium,39.07571375602538,1.2242862439746176
Long An,2009,main_season,18.9,Low,28.012258064516345,-9.112258064516347
Long An,2010,winter_spring,57.2,High,55.475061179088016,1.7249388209119871
Long An,2010,summer_autumn,39.9,Medium,40.13095291064201,-0.23095291064201007
Long An,2010,main_season,32.0,High,28.827741935484028,3.1722580645159724
Long An,2011,winter_spring,58.5,High,56.485183537263765,2.014816462736235
Long An,2011,summer_autumn,46.8,High,41.18619206525818,5.613807934741814
Long An,2011,main_season,33.2,High,29.64322580645171,3.556774193548293
Long An,2012,winter_spring,60.9,High,57.495305895439515,3.404694104560484
Long An,2012,summer_autumn,45.3,High,42.24143121987436,3.05856878012564
Long An,2012,main_season,36.0,High,30.45870967741962,5.54129032258038
Long An,2013,winter_spring,63.5,High,58.505428253615264,4.994571746384736
Long An,2013,summer_autumn,45.7,High,43.29667037449053,2.403329625509471
Long An,2013,main_season,35.0,High,31.274193548387302,3.725806451612698
Long An,2014,winter_spring,67.1,High,59.515550611791014,7.584449388208981
Long An,2014,summer_autumn,45.4,Medium,44.351909529106706,1.0480904708932925
Long An,2014,main_season,36.6,High,32.089677419354985,4.510322580645017
Long An,2015,winter_spring,67.1,High,60.52567296996676,6.574327030033231
Long An,2015,summer_autumn,46.9,Medium,45.40714868372288,1.4928513162771182
Long An,2015,main_season,35.3,High,32.90516129032267,2.3948387096773303
Long An,2016,winter_spring,60.5,Medium,61.53579532814251,-1.0357953281425125
Long An,2016,summer_autumn,47.5,Medium,46.462387838339055,1.0376121616609453
Long An,2016,main_season,23.9,Low,33.72064516129058,-9.820645161290578
Long An,2017,winter_spring,55.9,Low,62.54591768631826,-6.645917686318263
Long An,2017,summer_autumn,45.7,Low,47.517626992955684,-1.817626992955681
Long An,2017,main_season,28.2,Low,34.53612903225826,-6.33612903225826
Long An,2018,winter_spring,61.2,Low,63.55604004449401,-2.3560400444940086
Long An,2018,summer_autumn,49.5,Medium,48.57286614757186,0.9271338524281418
Long An,2018,main_season,31.8,Low,35.35161290322594,-3.5516129032259407
Long An,2019,winter_spring,63.4,Medium,64.56616240266976,-1.1661624026697623
Long An,2019,summer_autumn,47.6,Low,49.62810530218803,-2.028105302188031
Long An,2019,main_season,36.7,Medium,36.167096774193624,0.532903225806379
Long An,2020,winter_spring,64.9,Medium,65.57628476084551,-0.6762847608455047
Long An,2020,summer_autumn,49.3,Low,50.68334445680421,-1.3833444568042097
Long An,2020,main_season,37.2,Medium,36.98258064516153,0.2174193548384693
Long An,2021,winter_spring,66.5,Medium,66.58640711902126,-0.08640711902125986
Long An,2021,summer_autumn,49.9,Low,51.73858361142038,-1.8385836114203826
Long An,2021,main_season,34.7,Low,37.798064516129216,-3.098064516129213
Long An,2022,winter_spring,64.5,Low,67.59652947719701,-3.0965294771970093
Long An,2022,summer_autumn,49.7,Low,52.793822766036556,-3.0938227660365527
Long An,2022,main_season,41.3,High,38.6135483870969,2.686451612903099
Long An,2023,winter_spring,67.8,Medium,68.60665183537276,-0.8066518353727616
Long An,2023,summer_autumn,53.4,Medium,53.84906192065273,-0.4490619206527313
Long An,2023,main_season,40.8,Medium,39.42903225806458,1.3709677419354165
Long An,2024,winter_spring,66.1,Low,69.61677419354851,-3.516774193548514
Long An,2024,summer_autumn,54.9,Medium,54.90430107526936,-0.00430107526936041
Long An,2024,main_season,44.0,High,40.24451612903249,3.7554838709675096
Tien Giang,1995,winter_spring,55.0,Medium,54.26709677419353,0.7329032258064672
Tien Giang,1995,summer_autumn,40.0,Medium,39.15204301075255,0.8479569892474501
Tien Giang,1995,main_season,36.7,High,28.882142857142924,7.817857142857079
Tien Giang,1996,winter_spring,53.4,Low,54.94315906562838,-1.5431590656283802
Tien Giang,1996,summer_autumn,40.4,Medium,39.81695958472369,0.583040415276308
Tien Giang,1996,main_season,20.2,Low,29.121428571428623,-8.921428571428624
Tien Giang,1997,winter_spring,56.2,Medium,55.61922135706345,0.5807786429365507
Tien Giang,1997,summer_autumn,40.9,Medium,40.48187615869483,0.41812384130516733
Tien Giang,1997,main_season,30.1,Medium,29.360714285714323,0.7392857142856784
Tien Giang,1998,winter_spring,53.8,Low,56.2952836484983,-2.495283648498301
Tien Giang,1998,summer_autumn,43.8,High,41.14679273266597,2.6532072673340252
Tien Giang,1998,main_season,30.0,Medium,29.600000000000023,0.39999999999997726
Tien Giang,1999,winter_spring,50.9,Low,56.971345939933144,-6.0713459399331455
Tien Giang,1999,summer_autumn,43.0,Medium,41.811709306636885,1.1882906933631148
Tien Giang,1999,main_season,26.1,Low,29.83928571428578,-3.739285714285778
Tien Giang,2000,winter_spring,56.8,Medium,57.64740823136822,-0.8474082313682203
Tien Giang,2000,summer_autumn,40.8,Low,42.476625880608026,-1.6766258806080288
Tien Giang,2000,main_season,31.1,Medium,30.07857142857148,1.0214285714285225
Tien Giang,2001,winter_spring,57.2,Medium,58.32347052280306,-1.1234705228030606
Tien Giang,2001,summer_autumn,41.3,Low,43.14154245457917,-1.8415424545791694
Tien Giang,2001,main_season,33.0,High,30.31785714285718,2.6821428571428214
Tien Giang,2002,winter_spring,61.3,High,58.99953281423791,2.3004671857620878
Tien Giang,2002,summer_autumn,41.9,Low,43.80645902855031,-1.9064590285503087
Tien Giang,2003,winter_spring,58.7,Medium,59.67559510567298,-0.9755951056729799
Tien Giang,2003,summer_autumn,43.4,Medium,44.47137560252122,-1.071375602521222
Tien Giang,2004,winter_spring,60.0,Medium,60.35165739710783,-0.35165739710782873
Tien Giang,2004,summer_autumn,45.9,Medium,45.13629217649236,0.7637078235076373
Tien Giang,2005,winter_spring,61.6,Medium,61.0277196885429,0.5722803114570993
Tien Giang,2005,summer_autumn,46.7,Medium,45.8012087504635,0.8987912495365009
Tien Giang,2006,winter_spring,59.8,Low,61.70378197997775,-1.903781979977751
Tien Giang,2006,summer_autumn,43.5,Low,46.466125324434415,-2.9661253244344152
Tien Giang,2007,winter_spring,63.7,Medium,62.379844271412594,1.3201557285874088
Tien Giang,2007,summer_autumn,47.5,Medium,47.131041898405556,0.3689581015944441
Tien Giang,2008,winter_spring,66.7,High,63.05590656284767,3.6440934371523355
Tien Giang,2008,summer_autumn,47.4,Medium,47.7959584723767,-0.395958472376698
Tien Giang,2009,winter_spring,64.7,Medium,63.73196885428251,0.9680311457174895
Tien Giang,2009,summer_autumn,47.2,Low,48.46087504634784,-1.2608750463478344
Tien Giang,2010,winter_spring,65.6,Medium,64.40803114571736,1.191968854282635
Tien Giang,2010,summer_autumn,48.3,Medium,49.12579162031875,-0.8257916203187534
Tien Giang,2011,winter_spring,66.7,High,65.08409343715243,1.6159065628475702
Tien Giang,2011,summer_autumn,49.3,Medium,49.79070819428989,-0.4907081942898941
Tien Giang,2012,winter_spring,69.8,High,65.76015572858728,4.0398442714127185
Tien Giang,2012,summer_autumn,50.2,Medium,50.45562476826103,-0.2556247682610291
Tien Giang,2013,winter_spring,69.0,High,66.43621802002212,2.5637819799778754
Tien Giang,2013,summer_autumn,51.3,Medium,51.12054134223217,0.17945865776782455
Tien Giang,2014,winter_spring,72.0,High,67.1122803114572,4.887719688542802
Tien Giang,2014,summer_autumn,53.1,Medium,51.785457916203086,1.3145420837969155
Tien Giang,2015,winter_spring,72.0,High,67.78834260289204,4.211657397107956
Tien Giang,2015,summer_autumn,53.7,Medium,52.45037449017423,1.2496255098257762
Tien Giang,2016,winter_spring,67.8,Medium,68.46440489432689,-0.6644048943268928
Tien Giang,2016,summer_autumn,54.2,Medium,53.11529106414537,1.0847089358546356
Tien Giang,2017,winter_spring,65.7,Low,69.14046718576196,-3.4404671857619604
Tien Giang,2017,summer_autumn,55.9,High,53.78020763811628,2.119792361883718
Tien Giang,2018,winter_spring,74.6,High,69.81652947719681,4.783470522803185
Tien Giang,2018,summer_autumn,55.9,Medium,54.44512421208742,1.4548757879125773
Tien Giang,2019,winter_spring,71.9,Medium,70.49259176863188,1.407408231368123
Tien Giang,2019,summer_autumn,55.0,Medium,55.11004078605856,-0.11004078605856193
Tien Giang,2020,winter_spring,64.9,Low,71.16865406006673,-6.268654060066723
Tien Giang,2020,summer_autumn,54.5,Low,55.7749573600297,-1.2749573600297026
Tien Giang,2021,winter_spring,71.1,Medium,71.84471635150157,-0.7447163515015802
Tien Giang,2021,summer_autumn,58.5,High,56.439873934000616,2.060126065999384
Tien Giang,2022,winter_spring,71.2,Low,72.52077864293665,-1.320778642936645
Tien Giang,2022,summer_autumn,57.0,Medium,57.10479050797176,-0.1047905079717566
Tien Giang,2023,winter_spring,69.8,Low,73.1968409343715,-3.3968409343714967
Tien Giang,2023,summer_autumn,56.0,Low,57.7697070819429,-1.7697070819428973
Tien Giang,2024,winter_spring,70.2,Low,73.87290322580634,-3.672903225806337
Tien Giang,2024,summer_autumn,57.2,Low,58.43462365591404,-1.2346236559140351
Ben Tre,1995,winter_spring,41.2,Low,48.24329886982804,-7.043298869828035
Ben Tre,1995,summer_autumn,36.7,Medium,35.353763440860234,1.3462365591397685
Ben Tre,1995,main_season,30.5,Medium,31.62860215053763,-1.1286021505376311
Ben Tre,1996,winter_spring,43.6,Low,48.09920291110723,-4.499202911107226
Ben Tre,1996,summer_autumn,36.9,Medium,35.73120504264,1.1687949573599994
Ben Tre,1996,main_season,32.4,Medium,31.93122728958099,0.46877271041901025
Ben Tre,1997,winter_spring,43.9,Low,47.955106952386416,-4.055106952386417
Ben Tre,1997,summer_autumn,35.1,Medium,36.108646644419764,-1.0086466444197626
Ben Tre,1997,main_season,25.8,Low,32.233852428624346,-6.433852428624345
Ben Tre,1998,winter_spring,43.0,Low,47.811010993665604,-4.8110109936656045
Ben Tre,1998,summer_autumn,37.1,Medium,36.48608824619953,0.6139117538004726
Ben Tre,1998,main_season,27.4,Low,32.5364775676677,-5.136477567667704
Ben Tre,1999,winter_spring,38.4,Low,47.66691503494479,-9.266915034944795
Ben Tre,1999,summer_autumn,35.4,Low,36.863529847979294,-1.463529847979295
Ben Tre,1999,main_season,27.7,Low,32.839102706711174,-5.139102706711174
Ben Tre,2000,winter_spring,48.5,Medium,47.52281907622398,0.9771809237760181
Ben Tre,2000,summer_autumn,39.0,High,37.24097144975906,1.7590285502409415
Ben Tre,2000,main_season,26.5,Low,33.14172784575453,-6.641727845754531
Ben Tre,2001,winter_spring,46.3,Medium,47.37872311750317,-1.0787231175031735
Ben Tre,2001,summer_autumn,37.9,Medium,37.61841305153882,0.28158694846117527
Ben Tre,2001,main_season,33.1,Medium,33.44435298479789,-0.34435298479788656
Ben Tre,2002,winter_spring,46.7,Medium,47.234627158782416,-0.5346271587824134
Ben Tre,2002,summer_autumn,38.2,Medium,37.99585465331859,0.2041453466814147
Ben Tre,2002,main_season,36.1,High,33.746978123841245,2.3530218761587562
Ben Tre,2003,winter_spring,48.5,Medium,47.090531200061605,1.409468799938395
Ben Tre,2003,summer_autumn,37.1,Low,38.37329625509835,-1.2732962550983515
Ben Tre,2003,main_season,37.0,High,34.0496032628846,2.9503967371153976
Ben Tre,2004,winter_spring,50.8,High,46.946435241340794,3.8535647586592034
Ben Tre,2004,summer_autumn,39.0,Medium,38.75073785687812,0.24926214312188222
Ben Tre,2004,main_season,36.3,High,34.35222840192807,1.947771598071924
Ben Tre,2005,winter_spring,44.2,Low,46.80233928261998,-2.6023392826199796
Ben Tre,2005,summer_autumn,37.6,Low,39.12817945865788,-1.5281794586578812
Ben Tre,2005,main_season,41.0,High,34.65485354097143,6.3451464590285696
Ben Tre,2006,winter_spring,50.3,High,46.65824332389917,3.641756676100826
Ben Tre,2006,summer_autumn,34.0,Low,39.50562106043765,-5.505621060437647
Ben Tre,2006,main_season,39.7,High,34.95747868001479,4.742521319985215
Ben Tre,2007,winter_spring,54.4,High,46.51414736517836,7.885852634821639
Ben Tre,2007,summer_autumn,40.1,Medium,39.8830626622173,0.21693733778270285
Ben Tre,2007,main_season,27.3,Low,35.260103819058145,-7.960103819058144
Ben Tre,2008,winter_spring,57.4,High,46.37005140645755,11.02994859354245
Ben Tre,2008,summer_autumn,42.2,High,40.26050426399706,1.9394957360029395
Ben Tre,2008,main_season,40.9,High,35.5627289581015,5.3372710418984965
Ben Tre,2009,winter_spring,58.9,High,46.22595544773674,12.674044552263261
Ben Tre,2009,summer_autumn,39.8,Medium,40.63794586577683,-0.8379458657768311
Ben Tre,2009,main_season,39.7,High,35.86535409714497,3.83464590285503
Ben Tre,2010,winter_spring,57.4,High,46.081859489015926,11.318140510984072
Ben Tre,2010,summer_autumn,39.2,Low,41.01538746755659,-1.8153874675565902
Ben Tre,2010,main_season,43.1,High,36.16797923618833,6.932020763811671
Ben Tre,2011,winter_spring,52.3,High,45.937763530295115,6.362236469704882
Ben Tre,2011,summer_autumn,46.6,High,41.39282906933636,5.207170930663644
Ben Tre,2011,main_season,44.3,High,36.47060437523169,7.82939562476831
Ben Tre,2012,winter_spring,57.8,High,45.793667571574304,12.006332428425694
Ben Tre,2012,summer_autumn,47.4,High,41.77027067111612,5.629729328883876
Ben Tre,2012,main_season,45.9,High,36.773229514275044,9.126770485724954
Ben Tre,2013,winter_spring,50.7,High,45.64957161285349,5.0504283871465105
Ben Tre,2013,summer_autumn,43.7,High,42.14771227289589,1.5522877271041153
Ben Tre,2013,main_season,44.5,High,37.075854653318515,7.424145346681485
Ben Tre,2014,winter_spring,58.0,High,45.50547565413268,12.494524345867319
Ben Tre,2014,summer_autumn,42.7,Medium,42.52515387467565,0.1748461253243505
Ben Tre,2014,main_season,45.0,High,37.37847979236187,7.621520207638127
Ben Tre,2015,winter_spring,50.9,High,45.36137969541193,5.538620304588072
Ben Tre,2015,summer_autumn,40.1,Low,42.90259547645542,-2.8025954764554157
Ben Tre,2015,main_season,42.8,High,37.68110493140523,5.118895068594767
Ben Tre,2016,winter_spring,0.5,Low,45.217283736691115,-44.717283736691115
Ben Tre,2016,summer_autumn,40.1,Low,43.28003707823518,-3.1800370782351806
Ben Tre,2016,main_season,20.7,Low,37.98373007044859,-17.283730070448588
Ben Tre,2017,winter_spring,44.2,Medium,45.073187777970304,-0.8731877779703012
Ben Tre,2017,summer_autumn,41.6,Low,43.65747868001495,-2.0574786800149454
Ben Tre,2017,main_season,35.5,Low,38.286355209491944,-2.786355209491944
Ben Tre,2018,winter_spring,56.1,High,44.92909181924949,11.170908180750509
Ben Tre,2018,summer_autumn,44.8,Medium,44.03492028179471,0.7650797182052855
Ben Tre,2018,main_season,31.0,Low,38.588980348535415,-7.588980348535415
Ben Tre,2019,winter_spring,48.2,High,44.78499586052868,3.4150041394713213
Ben Tre,2019,summer_autumn,45.7,Medium,44.41236188357436,1.28763811642564
Ben Tre,2019,main_season,35.9,Low,38.89160548757877,-2.9916054875787736
Ben Tre,2020,winter_spring,0.4,Low,44.64089990180787,-44.24089990180787
Ben Tre,2020,summer_autumn,34.7,Low,44.78980348535413,-10.089803485354125
Ben Tre,2020,main_season,36.3,Low,39.19423062662213,-2.8942306266221323
Ben Tre,2021,winter_spring,50.7,High,44.49680394308706,6.203196056912944
Ben Tre,2021,summer_autumn,46.6,Medium,45.16724508713389,1.432754912866109
Ben Tre,2021,main_season,30.0,Low,39.49685576566549,-9.496855765665487
Ben Tre,2022,summer_autumn,48.5,High,45.54468668891366,2.9553133110863428
Ben Tre,2022,main_season,40.8,Medium,39.799480904708844,1.0005190952911533
Ben Tre,2023,winter_spring,52.9,High,44.20861202564544,8.691387974354562
Ben Tre,2023,summer_autumn,52.1,High,45.92212829069342,6.177871709306579
Ben Tre,2023,main_season,40.6,Medium,40.102106043752315,0.49789395624768673
Ben Tre,2024,summer_autumn,44.9,Low,46.29956989247319,-1.3995698924731883
Ben Tre,2024,main_season,42.7,High,40.40473118279567,2.295268817204331
Tra Vinh,1995,winter_spring,48.5,High,45.50086021505376,2.9991397849462373
Tra Vinh,1995,summer_autumn,44.1,High,37.29225806451632,6.8077419354836834
Tra Vinh,1995,main_season,30.5,Low,34.950344827586264,-4.450344827586264
Tra Vinh,1996,winter_spring,46.2,Medium,46.108157211716616,0.09184278828338677
Tra Vinh,1996,summer_autumn,34.9,Low,37.88727474972211,-2.9872747497221113
Tra Vinh,1996,main_season,49.6,High,35.44773399014775,14.152266009852248
Tra Vinh,1997,winter_spring,47.3,Medium,46.71545420837947,0.5845457916205277
Tra Vinh,1997,summer_autumn,34.0,Low,38.4822914349279,-4.482291434927902
Tra Vinh,1997,main_season,30.2,Low,35.94512315270936,-5.745123152709358
Tra Vinh,1998,winter_spring,48.7,Medium,47.32275120504255,1.3772487949574526
Tra Vinh,1998,summer_autumn,32.7,Low,39.077308120133694,-6.377308120133691
Tra Vinh,1998,main_season,30.2,Low,36.44251231527096,-6.242512315270961
Tra Vinh,1999,winter_spring,41.2,Low,47.930048201705404,-6.730048201705401
Tra Vinh,1999,summer_autumn,40.0,Medium,39.672324805339485,0.32767519466051453
Tra Vinh,1999,main_season,29.7,Low,36.939901477832564,-7.239901477832564
Tra Vinh,2000,winter_spring,49.4,Medium,48.537345198368484,0.8626548016315141
Tra Vinh,2000,summer_autumn,41.8,High,40.26734149054528,1.5326585094547198
Tra Vinh,2000,main_season,32.9,Low,37.43729064039405,-4.537290640394055
Tra Vinh,2001,winter_spring,39.9,Low,49.14464219503134,-9.24464219503134
Tra Vinh,2001,summer_autumn,37.3,Low,40.86235817575107,-3.562358175751072
Tra Vinh,2001,main_season,36.5,Low,37.93467980295566,-1.4346798029556567
Tra Vinh,2002,winter_spring,51.6,High,49.75193919169442,1.8480608083055827
Tra Vinh,2002,summer_autumn,40.7,Medium,41.45737486095686,-0.7573748609568582
Tra Vinh,2002,main_season,39.3,Medium,38.43206896551726,0.8679310344827371
Tra Vinh,2003,winter_spring,53.1,High,50.35923618835727,2.7407638116427293
Tra Vinh,2003,summer_autumn,41.9,Medium,42.05239154616265,-0.15239154616265438
Tra Vinh,2003,main_season,41.5,High,38.92945812807886,2.5705418719211366
Tra Vinh,2004,winter_spring,53.2,High,50.96653318502035,2.23346681497965
Tra Vinh,2004,summer_autumn,41.7,Medium,42.647408231368445,-0.947408231368442
Tra Vinh,2004,main_season,40.6,Medium,39.42684729064035,1.1731527093596483
Tra Vinh,2005,winter_spring,56.1,High,51.573830181683206,4.526169818316795
Tra Vinh,2005,summer_autumn,40.1,Low,43.24242491657424,-3.1424249165742353
Tra Vinh,2005,main_season,41.3,Medium,39.92423645320196,1.3757635467980407
Tra Vinh,2006,winter_spring,51.1,Medium,52.18112717834629,-1.0811271783462857
Tra Vinh,2006,summer_autumn,41.3,Low,43.8374416017798,-2.537441601779804
Tra Vinh,2006,main_season,43.0,High,40.42162561576356,2.57837438423644
Tra Vinh,2007,winter_spring,46.3,Low,52.78842417500914,-6.488424175009143
Tra Vinh,2007,summer_autumn,47.4,High,44.43245828698559,2.9675417130144055
Tra Vinh,2007,main_season,33.8,Low,40.91901477832516,-7.119014778325166
Tra Vinh,2008,winter_spring,54.8,Medium,53.39572117167222,1.4042788283277758
Tra Vinh,2008,summer_autumn,47.8,High,45.027474972191385,2.772525027808612
Tra Vinh,2008,main_season,43.8,High,41.41640394088665,2.3835960591133443
Tra Vinh,2009,winter_spring,53.0,Medium,54.003018168335075,-1.0030181683350747
Tra Vinh,2009,summer_autumn,48.1,High,45.62249165739718,2.4775083426028246
Tra Vinh,2009,main_season,41.0,Medium,41.913793103448256,-0.9137931034482563
Tra Vinh,2010,winter_spring,58.3,High,54.61031516499793,3.689684835002069
Tra Vinh,2010,summer_autumn,46.6,Medium,46.21750834260297,0.3824916573970327
Tra Vinh,2010,main_season,46.9,High,42.41118226600986,4.488817733990139
Tra Vinh,2011,winter_spring,47.4,Low,55.21761216166101,-7.81761216166101
Tra Vinh,2011,summer_autumn,53.3,High,46.81252502780876,6.487474972191237
Tra Vinh,2011,main_season,47.7,High,42.90857142857146,4.79142857142854
Tra Vinh,2012,winter_spring,62.3,High,55.82490915832386,6.475090841676135
Tra Vinh,2012,summer_autumn,54.2,High,47.40754171301455,6.79245828698545
Tra Vinh,2012,main_season,51.8,High,43.405960591133066,8.39403940886693
Tra Vinh,2013,winter_spring,60.3,High,56.43220615498694,3.867793845013054
Tra Vinh,2013,summer_autumn,51.8,High,48.002558398220344,3.797441601779653
Tra Vinh,2013,main_season,51.7,High,43.903349753694556,7.796650246305447
Tra Vinh,2014,winter_spring,67.2,High,57.0395031516498,10.160496848350206
Tra Vinh,2014,summer_autumn,50.7,High,48.597575083426136,2.1024249165738667
Tra Vinh,2014,main_season,53.1,High,44.40073891625616,8.699261083743842
Tra Vinh,2015,winter_spring,68.1,High,57.64680014831288,10.453199851687117
Tra Vinh,2015,summer_autumn,52.3,High,49.19259176863193,3.107408231368069
Tra Vinh,2015,main_season,42.7,Low,44.89812807881776,-2.19812807881776
Tra Vinh,2016,winter_spring,40.4,Low,58.25409714497573,-17.854097144975732
Tra Vinh,2016,summer_autumn,47.9,Low,49.78760845383772,-1.8876084538377214
Tra Vinh,2016,main_season,44.6,Medium,45.395517241379366,-0.7955172413793647
Tra Vinh,2017,winter_spring,59.0,Medium,58.86139414163881,0.13860585836118844
Tra Vinh,2017,summer_autumn,49.0,Low,50.38262513904351,-1.3826251390435118
Tra Vinh,2017,main_season,44.6,Low,45.892906403940856,-1.2929064039408544
Tra Vinh,2018,winter_spring,67.1,High,59.468691138301665,7.631308861698329
Tra Vinh,2018,summer_autumn,52.5,High,50.977641824249304,1.5223581757506963
Tra Vinh,2018,main_season,43.5,Low,46.39029556650246,-2.8902955665024592
Tra Vinh,2019,winter_spring,66.2,High,60.075988134964746,6.124011865035257
Tra Vinh,2019,summer_autumn,51.8,Medium,51.572658509455096,0.2273414905449016
Tra Vinh,2019,main_season,45.5,Low,46.88768472906406,-1.3876847290640626
Tra Vinh,2020,winter_spring,35.4,Low,60.6832851316276,-25.2832851316276
Tra Vinh,2020,summer_autumn,50.3,Low,52.16767519466089,-1.8676751946608903
Tra Vinh,2020,main_season,37.8,Low,47.385073891625666,-9.585073891625669
Tra Vinh,2021,winter_spring,64.1,High,61.29058212829068,2.8094178717093143
Tra Vinh,2021,summer_autumn,51.4,Low,52.76269187986668,-1.3626918798666807
Tra Vinh,2021,main_season,50.0,High,47.882463054187156,2.1175369458128444
Tra Vinh,2022,winter_spring,65.0,High,61.89787912495353,3.1021208750464666
Tra Vinh,2022,summer_autumn,47.6,Low,53.35770856507247,-5.75770856507247
Tra Vinh,2022,main_season,47.4,Medium,48.37985221674876,-0.9798522167487604
Tra Vinh,2023,winter_spring,61.0,Low,62.50517612161639,-1.5051761216163868
Tra Vinh,2023,summer_autumn,51.8,Low,53.95272525027826,-2.152725250278266
Tra Vinh,2023,main_season,44.3,Low,48.87724137931036,-4.577241379310365
Tra Vinh,2024,winter_spring,67.0,High,63.11247311827947,3.8875268817205324
Tra Vinh,2024,summer_autumn,52.6,Low,54.547741935484055,-1.9477419354840535
Vinh Long,1995,winter_spring,52.3,Low,54.84924731182787,-2.5492473118278696
Vinh Long,1995,summer_autumn,36.0,High,33.27634408602148,2.7236559139785186
Vinh Long,1995,main_season,37.6,Medium,37.514545454545214,0.08545454545478748
Vinh Long,1996,winter_spring,55.6,Medium,55.40700037078227,0.19299962921773073
Vinh Long,1996,summer_autumn,34.9,Medium,34.16809047089373,0.731909529106268
Vinh Long,1996,main_season,36.2,Low,38.36242424242414,-2.1624242424241373
Vinh Long,1997,winter_spring,56.5,Medium,55.964753429736675,0.5352465702633253
Vinh Long,1997,summer_autumn,36.5,Medium,35.05983685576575,1.4401631442342477
Vinh Long,1997,main_season,40.7,Medium,39.21030303030284,1.4896969696971638
Vinh Long,1998,winter_spring,59.2,High,56.52250648869108,2.677493511308924
Vinh Long,1998,summer_autumn,33.9,Low,35.951583240637774,-2.0515832406377754
Vinh Long,1998,main_season,44.6,High,40.05818181818154,4.5418181818184635
Vinh Long,1999,winter_spring,54.7,Low,57.08025954764548,-2.3802595476454798
Vinh Long,1999,summer_autumn,37.0,Medium,36.843329625509796,0.15667037449020427
Vinh Long,1999,main_season,40.5,Medium,40.906060606060464,-0.4060606060604641
Vinh Long,2000,winter_spring,57.1,Medium,57.63801260659989,-0.5380126065998851
Vinh Long,2000,summer_autumn,38.2,Medium,37.735076010382045,0.464923989617958
Vinh Long,2000,main_season,38.4,Low,41.75393939393916,-3.3539393939391644
Vinh Long,2001,winter_spring,53.1,Low,58.19576566555429,-5.095765665554289
Vinh Long,2001,summer_autumn,36.1,Low,38.62682239525407,-2.526822395254065
Vinh Long,2001,main_season,41.2,Low,42.60181818181809,-1.4018181818180864
Vinh Long,2002,winter_spring,59.6,Medium,58.753518724508695,0.8464812754913069
Vinh Long,2002,summer_autumn,38.3,Medium,39.51856878012609,-1.2185687801260912
Vinh Long,2002,main_season,41.7,Low,43.44969696969679,-1.7496969696967852
Vinh Long,2003,winter_spring,58.0,Low,59.3112717834631,-1.3112717834630985
Vinh Long,2003,summer_autumn,38.2,Low,40.41031516499811,-2.210315164998107
Vinh Long,2003,main_season,46.3,High,44.29757575757549,2.0024242424245102
Vinh Long,2004,winter_spring,59.1,Medium,59.8690248424175,-0.769024842417501
Vinh Long,2004,summer_autumn,39.5,Low,41.30206154987036,-1.8020615498703592
Vinh Long,2004,main_season,46.1,Medium,45.14545454545441,0.9545454545455883
Vinh Long,2005,winter_spring,61.7,Medium,60.426777901371906,1.2732220986280964
Vinh Long,2005,summer_autumn,40.5,Low,42.19380793474238,-1.693807934742381
Vinh Long,2006,winter_spring,61.0,Medium,60.98453096032631,0.015469039673689622
Vinh Long,2006,summer_autumn,40.0,Low,43.0855543196144,-3.0855543196144026
Vinh Long,2007,winter_spring,61.1,Medium,61.542284019280714,-0.4422840192807129
Vinh Long,2007,summer_autumn,43.7,Medium,43.977300704486424,-0.2773007044864215
Vinh Long,2008,winter_spring,63.2,Medium,62.10003707823512,1.0999629217648845
Vinh Long,2008,summer_autumn,42.6,Low,44.86904708935867,-2.269047089358672
Vinh Long,2009,winter_spring,63.2,Medium,62.65779013718952,0.5422098628104806
Vinh Long,2009,summer_autumn,44.4,Low,45.760793474230695,-1.3607934742306966
Vinh Long,2010,winter_spring,67.8,High,63.215543196143926,4.584456803856071
Vinh Long,2010,summer_autumn,46.1,Medium,46.65253985910272,-0.5525398591027155
Vinh Long,2011,winter_spring,66.1,High,63.77329625509833,2.326703744901664
Vinh Long,2011,summer_autumn,51.6,High,47.544286243974966,4.055713756025035
Vinh Long,2012,winter_spring,68.1,High,64.33104931405273,3.76895068594726
Vinh Long,2012,summer_autumn,52.8,High,48.43603262884699,4.363967371153009
Vinh Long,2013,winter_spring,66.5,High,64.88880237300714,1.6111976269928618
Vinh Long,2013,summer_autumn,54.2,High,49.32777901371901,4.872220986280993
Vinh Long,2014,winter_spring,70.9,High,65.44655543196154,5.453444568038464
Vinh Long,2014,summer_autumn,54.9,High,50.21952539859103,4.680474601408967
Vinh Long,2015,winter_spring,71.6,High,66.00430849091595,5.595691509084048
Vinh Long,2015,summer_autumn,55.0,High,51.11127178346328,3.8887282165367196
Vinh Long,2016,winter_spring,63.8,Low,66.56206154987012,-2.7620615498701255
Vinh Long,2016,summer_autumn,47.5,Low,52.0030181683353,-4.503018168335302
Vinh Long,2017,winter_spring,60.0,Low,67.11981460882453,-7.119814608824527
Vinh Long,2017,summer_autumn,53.3,Medium,52.894764553207324,0.4052354467926733
Vinh Long,2018,winter_spring,66.2,Low,67.67756766777893,-1.4775676677789278
Vinh Long,2018,summer_autumn,56.5,High,53.786510938079346,2.7134890619206544
Vinh Long,2019,winter_spring,62.6,Low,68.23532072673333,-5.635320726733333
Vinh Long,2019,summer_autumn,56.1,Medium,54.678257322951595,1.4217426770484067
Vinh Long,2020,winter_spring,68.8,Medium,68.79307378568774,0.006926214312258594
Vinh Long,2020,summer_autumn,57.3,High,55.570003707823616,1.7299962921763807
Vinh Long,2021,winter_spring,70.6,Medium,69.35082684464214,1.2491731553578518
Vinh Long,2021,summer_autumn,55.4,Medium,56.46175009269564,-1.0617500926956396
Vinh Long,2022,winter_spring,70.0,Medium,69.90857990359655,0.0914200964034535
Vinh Long,2022,summer_autumn,53.8,Low,57.35349647756766,-3.5534964775676627
Vinh Long,2023,winter_spring,68.9,Low,70.46633296255095,-1.5663329625509448
Vinh Long,2023,summer_autumn,55.1,Low,58.24524286243991,-3.1452428624399076
Vinh Long,2024,winter_spring,70.8,Medium,71.02408602150535,-0.22408602150535728
Vinh Long,2024,summer_autumn,56.8,Low,59.13698924731193,-2.3369892473119336
Dong Thap,1995,winter_spring,53.9,Low,57.27333333333331,-3.3733333333333135
Dong Thap,1995,summer_autumn,36.2,High,33.29053763440879,2.90946236559121
Dong Thap,1996,winter_spring,52.0,Low,57.88850574712637,-5.8885057471263735
Dong Thap,1996,summer_autumn,36.5,High,34.42820170559935,2.0717982944006508
Dong Thap,1997,winter_spring,57.0,Low,58.50367816091966,-1.5036781609196623
Dong Thap,1997,summer_autumn,35.8,Medium,35.56586577678945,0.2341342232105461
Dong Thap,1998,winter_spring,58.1,Medium,59.118850574712724,-1.0188505747127223
Dong Thap,1998,summer_autumn,34.7,Low,36.70352984797955,-2.00352984797955
Dong Thap,1999,winter_spring,56.3,Low,59.734022988505785,-3.434022988505788
Dong Thap,1999,summer_autumn,39.0,Medium,37.841193919169655,1.1588060808303453
Dong Thap,2000,winter_spring,58.7,Low,60.34919540229885,-1.6491954022988438
Dong Thap,2000,summer_autumn,33.3,Low,38.97885799036021,-5.678857990360214
Dong Thap,2001,winter_spring,60.0,Medium,60.96436781609191,-0.964367816091908
Dong Thap,2001,summer_autumn,36.0,Low,40.11652206155031,-4.116522061550313
Dong Thap,2002,winter_spring,63.5,High,61.5795402298852,1.9204597701148032
Dong Thap,2002,summer_autumn,39.7,Low,41.254186132740415,-1.554186132740412
Dong Thap,2003,winter_spring,63.1,Medium,62.19471264367826,0.9052873563217432
Dong Thap,2003,summer_autumn,40.0,Low,42.39185020393052,-2.3918502039305167
Dong Thap,2004,winter_spring,63.8,Medium,62.80988505747132,0.9901149425286775
Dong Thap,2004,summer_autumn,45.1,High,43.52951427512062,1.5704857248793829
Dong Thap,2005,winter_spring,67.0,High,63.42505747126438,3.574942528735619
Dong Thap,2005,summer_autumn,47.0,High,44.667178346311175,2.332821653688825
Dong Thap,2006,winter_spring,65.4,Medium,64.04022988505744,1.3597701149425632
Dong Thap,2006,summer_autumn,42.7,Low,45.80484241750128,-3.104842417501274
Dong Thap,2007,winter_spring,68.3,High,64.6554022988505,3.644597701149493
Dong Thap,2007,summer_autumn,47.0,Medium,46.94250648869138,0.05749351130862124
Dong Thap,2008,winter_spring,69.9,High,65.27057471264379,4.629425287356213
Dong Thap,2008,summer_autumn,48.7,Medium,48.08017055988148,0.6198294401185223
Dong Thap,2009,winter_spring,68.9,High,65.88574712643685,3.0142528735631515
Dong Thap,2009,summer_autumn,50.2,Medium,49.21783463107204,0.9821653689279657
Dong Thap,2010,winter_spring,70.9,High,66.50091954022992,4.39908045977009
Dong Thap,2010,summer_autumn,51.8,Medium,50.35549870226214,1.4445012977378582
Dong Thap,2011,winter_spring,71.6,High,67.11609195402298,4.483908045977017
Dong Thap,2011,summer_autumn,55.0,High,51.49316277345224,3.506837226547759
Dong Thap,2012,winter_spring,72.2,High,67.73126436781604,4.468735632183964
Dong Thap,2012,summer_autumn,55.4,High,52.63082684464234,2.769173155357656
Dong Thap,2013,winter_spring,70.7,High,68.34643678160933,2.3535632183906756
Dong Thap,2013,summer_autumn,55.6,High,53.7684909158329,1.8315090841671022
Dong Thap,2014,winter_spring,72.2,High,68.96160919540239,3.238390804597614
Dong Thap,2014,summer_autumn,56.1,Medium,54.906154987023,1.1938450129770004
Dong Thap,2015,winter_spring,70.4,Medium,69.57678160919545,0.8232183908045556
Dong Thap,2015,summer_autumn,56.9,Medium,56.0438190582131,0.8561809417868957
Dong Thap,2016,winter_spring,68.0,Low,70.19195402298851,-2.1919540229885115
Dong Thap,2016,summer_autumn,57.7,Medium,57.181483129403205,0.5185168705967982
Dong Thap,2017,winter_spring,60.0,Low,70.80712643678157,-10.807126436781573
Dong Thap,2017,summer_autumn,59.3,Medium,58.31914720059376,0.9808527994062359
Dong Thap,2018,winter_spring,69.9,Low,71.42229885057463,-1.5222988505746287
Dong Thap,2018,summer_autumn,60.1,Medium,59.45681127178386,0.6431887282161384
Dong Thap,2019,winter_spring,70.0,Low,72.03747126436792,-2.037471264367923
Dong Thap,2019,summer_autumn,60.5,Medium,60.594475342973965,-0.09447534297396487
Dong Thap,2020,winter_spring,72.4,Medium,72.65264367816098,-0.2526436781609789
Dong Thap,2020,summer_autumn,61.3,Medium,61.73213941416407,-0.43213941416406954
Dong Thap,2021,winter_spring,73.2,Medium,73.26781609195405,-0.06781609195404315
Dong Thap,2021,summer_autumn,61.8,Medium,62.86980348535462,-1.069803485354626
Dong Thap,2022,winter_spring,73.2,Medium,73.88298850574711,-0.6829885057471046
Dong Thap,2022,summer_autumn,63.2,Medium,64.00746755654473,-0.8074675565447222
Dong Thap,2023,winter_spring,73.1,Low,74.49816091954017,-1.3981609195401745
Dong Thap,2023,summer_autumn,62.8,Low,65.14513162773483,-2.3451316277348297
Dong Thap,2024,winter_spring,72.1,Low,75.11333333333346,-3.0133333333334633
Dong Thap,2024,summer_autumn,64.2,Low,66.28279569892493,-2.082795698924926
An Giang,1995,winter_spring,61.2,Medium,60.69548387096779,0.5045161290322113
An Giang,1995,summer_autumn,41.6,High,37.97419354838712,3.625806451612881
An Giang,1995,main_season,11.7,Low,18.258685922869518,-6.558685922869518
An Giang,1996,winter_spring,60.2,Medium,61.279933259176914,-1.0799332591769115
An Giang,1996,summer_autumn,38.5,Medium,38.86424916573992,-0.3642491657399205
An Giang,1996,main_season,19.4,Medium,19.301399777813003,0.09860022218699527
An Giang,1997,winter_spring,62.3,Medium,61.86438264738604,0.43561735261395995
An Giang,1997,summer_autumn,34.2,Low,39.75430478309249,-5.5543047830924905
An Giang,1997,main_season,15.2,Low,20.34411363275649,-5.14411363275649
An Giang,1998,winter_spring,61.6,Medium,62.44883203559516,-0.8488320355951586
An Giang,1998,summer_autumn,35.5,Low,40.644360400445066,-5.144360400445066
An Giang,1998,main_season,15.2,Low,21.38682748770043,-6.18682748770043
An Giang,1999,winter_spring,58.1,Low,63.03328142380428,-4.9332814238042815
An Giang,1999,summer_autumn,35.2,Low,41.53441601779764,-6.334416017797636
An Giang,1999,main_season,18.0,Low,22.429541342643915,-4.429541342643915
An Giang,2000,winter_spring,61.0,Low,63.617730812013406,-2.6177308120134057
An Giang,2000,summer_autumn,34.7,Low,42.42447163515021,-7.724471635150209
An Giang,2000,main_season,23.0,Medium,23.472255197587856,-0.47225519758785595
An Giang,2001,winter_spring,55.6,Low,64.20218020022253,-8.602180200222527
An Giang,2001,summer_autumn,37.6,Low,43.31452725250301,-5.714527252503011
An Giang,2001,main_season,28.0,High,24.51496905253134,3.4850309474686583
An Giang,2002,winter_spring,65.4,Medium,64.78662958843165,0.6133704115683543
An Giang,2002,summer_autumn,46.2,High,44.204582869855585,1.9954171301444177
An Giang,2002,main_season,20.0,Low,25.557682907474828,-5.5576829074748275
An Giang,2003,winter_spring,64.1,Low,65.37107897664077,-1.27107897664078
An Giang,2003,summer_autumn,45.5,Medium,45.09463848720816,0.40536151279184196
An Giang,2003,main_season,26.3,Medium,26.600396762418768,-0.30039676241876734
An Giang,2004,winter_spring,65.2,Medium,65.9555283648499,-0.7555283648498943
An Giang,2004,summer_autumn,52.6,High,45.98469410456073,6.6153058954392705
An Giang,2004,main_season,27.2,Medium,27.643110617362254,-0.44311061736225454
An Giang,2005,winter_spring,69.3,High,66.53997775305902,2.760022246940977
An Giang,2005,summer_autumn,52.6,High,46.874749721913304,5.725250278086698
An Giang,2005,main_season,30.5,High,28.68582447230574,1.8141755276942604
An Giang,2006,winter_spring,68.1,Medium,67.12442714126814,0.9755728587318515
An Giang,2006,summer_autumn,50.1,High,47.76480533926588,2.3351946607341247
An Giang,2006,main_season,32.2,High,29.72853832724968,2.4714616727503227
An Giang,2007,winter_spring,71.1,High,67.70887652947727,3.3911234705227287
An Giang,2007,summer_autumn,52.6,High,48.65486095661868,3.9451390433813245
An Giang,2007,main_season,23.6,Low,30.771252182193166,-7.1712521821931645
An Giang,2008,winter_spring,73.1,High,68.29332591768639,4.806674082313606
An Giang,2008,summer_autumn,55.1,High,49.54491657397125,5.555083426028752
An Giang,2008,main_season,38.3,High,31.813966037137106,6.486033962862891
An Giang,2009,winter_spring,71.6,High,68.87777530589551,2.722224694104483
An Giang,2009,summer_autumn,54.4,High,50.43497219132382,3.965027808676176
An Giang,2009,main_season,37.5,High,32.85667989208059,4.643320107919408
An Giang,2010,winter_spring,73.0,High,69.46222469410463,3.537775305895366
An Giang,2010,summer_autumn,55.4,High,51.325027808676396,4.074972191323603
An Giang,2010,main_season,43.1,High,33.89939374702408,9.200606252975923
An Giang,2011,winter_spring,75.1,High,70.04667408231376,5.053325917686237
An Giang,2011,summer_autumn,56.3,High,52.21508342602897,4.084916573971029
An Giang,2011,main_season,43.1,High,34.94210760196802,8.157892398031983
An Giang,2012,winter_spring,74.0,High,70.63112347052288,3.36887652947712
An Giang,2012,summer_autumn,56.5,High,53.10513904338177,3.3948609566182313
An Giang,2012,main_season,50.3,High,35.984821456911504,14.315178543088493
An Giang,2013,winter_spring,73.5,High,71.215572858732,2.2844271412679973
An Giang,2013,summer_autumn,56.4,High,53.99519466073434,2.404805339265657
An Giang,2013,main_season,50.7,High,37.027535311855445,13.672464688144558
An Giang,2014,winter_spring,77.4,High,71.80002224694113,5.59997775305888
An Giang,2014,summer_autumn,56.4,High,54.885250278086914,1.514749721913084
An Giang,2014,main_season,47.6,High,38.07024916679893,9.52975083320107
An Giang,2015,winter_spring,75.6,High,72.38447163515025,3.215528364849746
An Giang,2015,summer_autumn,56.2,Medium,55.77530589543949,0.4246941045605155
An Giang,2015,main_season,36.2,Low,39.11296302174242,-2.9129630217424136
An Giang,2016,winter_spring,71.9,Medium,72.96892102335937,-1.0689210233593656
An Giang,2016,summer_autumn,52.6,Low,56.66536151279206,-4.065361512792059
An Giang,2016,main_season,40.2,Medium,40.15567687668636,0.04432312331364585
An Giang,2017,winter_spring,70.3,Low,73.5533704115685,-3.253370411568497
An Giang,2017,summer_autumn,55.1,Low,57.55541713014463,-2.4554171301446317
An Giang,2017,main_season,34.4,Low,41.19839073162984,-6.798390731629844
An Giang,2018,winter_spring,73.5,Medium,74.13781979977762,-0.6378197997776169
An Giang,2018,summer_autumn,56.7,Low,58.44547274749743,-1.7454727474974305
An Giang,2019,winter_spring,71.0,Low,74.72226918798674,-3.72226918798674
An Giang,2019,summer_autumn,57.8,Low,59.335528364850006,-1.535528364850009
An Giang,2019,main_season,39.6,Low,43.28381844151727,-3.6838184415172677
An Giang,2020,winter_spring,71.7,Low,75.30671857619586,-3.60671857619586
An Giang,2020,summer_autumn,58.3,Low,60.22558398220258,-1.925583982202582
An Giang,2020,main_season,42.3,Low,44.326532296460755,-2.0265322964607577
An Giang,2021,winter_spring,76.9,Medium,75.89116796440499,1.0088320355950202
An Giang,2021,summer_autumn,60.3,Medium,61.11563959955515,-0.8156395995551549
An Giang,2021,main_season,45.6,Medium,45.369246151404695,0.230753848595306
An Giang,2022,winter_spring,73.4,Low,76.47561735261411,-3.0756173526141026
An Giang,2022,summer_autumn,60.5,Low,62.005695216907725,-1.505695216907725
An Giang,2022,main_season,42.1,Low,46.41196000634818,-4.31196000634818
An Giang,2023,winter_spring,75.5,Low,77.06006674082323,-1.5600667408232312
An Giang,2023,summer_autumn,60.6,Low,62.895750834260525,-2.2957508342605237
An Giang,2023,main_season,39.1,Low,47.45467386129167,-8.354673861291666
An Giang,2024,winter_spring,74.4,Low,77.64451612903235,-3.2445161290323483
An Giang,2024,summer_autumn,60.9,Low,63.7858064516131,-2.8858064516130995
An Giang,2024,main_season,38.7,Low,48.49738771623561,-9.797387716235605
Kien Giang,1995,winter_spring,53.1,High,49.28774193548384,3.812258064516165
Kien Giang,1995,summer_autumn,37.0,High,32.53913978494643,4.460860215053572
Kien Giang,1995,main_season,25.6,High,23.06473118279564,2.5352688172043614
Kien Giang,1996,winter_spring,54.5,High,50.23893214682971,4.261067853170289
Kien Giang,1996,summer_autumn,29.3,Low,33.47667037449037,-4.176670374490367
Kien Giang,1996,main_season,31.2,High,24.00693362995912,7.193066370040878
Kien Giang,1997,winter_spring,54.2,High,51.190122358175586,3.009877641824417
Kien Giang,1997,summer_autumn,32.7,Low,34.41420096403431,-1.7142009640343048
Kien Giang,1997,main_season,24.4,Medium,24.94913607712283,-0.5491360771228315
Kien Giang,1998,winter_spring,53.6,Medium,52.14131256952169,1.4586874304783137
Kien Giang,1998,summer_autumn,32.7,Low,35.35173155357825,-2.6517315535782444
Kien Giang,1998,main_season,23.6,Low,25.89133852428631,-2.29133852428631
Kien Giang,1999,winter_spring,48.3,Low,53.09250278086756,-4.792502780867565
Kien Giang,1999,summer_autumn,35.5,Medium,36.28926214312219,-0.7892621431221869
Kien Giang,1999,main_season,28.3,Medium,26.833540971449793,1.466459028550208
Kien Giang,2000,winter_spring,49.6,Low,54.04369299221344,-4.443692992213435
Kien Giang,2000,summer_autumn,38.7,Medium,37.22679273266613,1.4732072673338763
Kien Giang,2000,main_season,23.8,Low,27.775743418613274,-3.9757434186132734
Kien Giang,2001,winter_spring,45.0,Low,54.99488320355954,-9.994883203559539
Kien Giang,2001,summer_autumn,36.4,Low,38.164323322210066,-1.7643233222100676
Kien Giang,2001,main_season,26.7,Low,28.717945865776755,-2.017945865776756
Kien Giang,2002,winter_spring,53.0,Low,55.94607341490541,-2.9460734149054133
Kien Giang,2002,summer_autumn,39.6,Medium,39.101853911754006,0.4981460882459956
Kien Giang,2002,main_season,24.8,Low,29.660148312940237,-4.860148312940236
Kien Giang,2003,winter_spring,52.6,Low,56.89726362625129,-4.297263626251286
Kien Giang,2003,summer_autumn,37.2,Low,40.039384501297945,-2.8393845012979426
Kien Giang,2003,main_season,29.3,Low,30.602350760103718,-1.3023507601037174
Kien Giang,2004,winter_spring,56.8,Medium,57.84845383759716,-1.0484538375971653
Kien Giang,2004,summer_autumn,41.9,Medium,40.97691509084166,0.9230849091583408
Kien Giang,2004,main_season,35.1,High,31.544553207267427,3.5554467927325746
Kien Giang,2005,winter_spring,59.9,Medium,58.799644048943264,1.1003559510567342
Kien Giang,2005,summer_autumn,42.8,Medium,41.9144456803856,0.8855543196143998
Kien Giang,2005,main_season,35.2,High,32.48675565443091,2.7132443455690947
Kien Giang,2006,winter_spring,59.5,Medium,59.75083426028914,-0.2508342602891389
Kien Giang,2006,summer_autumn,36.8,Low,42.85197626992954,-6.05197626992954
Kien Giang,2006,main_season,30.1,Low,33.42895810159439,-3.328958101594388
Kien Giang,2007,winter_spring,59.3,Low,60.70202447163501,-1.4020244716350163
Kien Giang,2007,summer_autumn,46.2,High,43.78950685947348,2.410493140526526
Kien Giang,2007,main_season,34.0,Medium,34.37116054875787,-0.37116054875787086
Kien Giang,2008,winter_spring,67.1,High,61.653214682981115,5.446785317018879
Kien Giang,2008,summer_autumn,48.0,High,44.727037449017416,3.2729625509825837
Kien Giang,2008,main_season,39.3,High,35.31336299592135,3.986637004078645
Kien Giang,2009,winter_spring,67.0,High,62.60440489432699,4.39559510567301
Kien Giang,2009,summer_autumn,46.1,Medium,45.664568038561356,0.4354319614386455
Kien Giang,2009,main_season,38.2,High,36.25556544308483,1.9444345569151693
Kien Giang,2010,winter_spring,66.6,High,63.555595105672865,3.04440489432713
Kien Giang,2010,summer_autumn,46.1,Medium,46.602098628105296,-0.5020986281052942
Kien Giang,2010,main_season,38.1,Medium,37.197767890248315,0.9022321097516866
Kien Giang,2011,winter_spring,69.5,High,64.50678531701874,4.993214682981261
Kien Giang,2011,summer_autumn,49.9,High,47.539629217649235,2.3603707823507634
Kien Giang,2011,main_season,37.1,Medium,38.139970337412024,-1.0399703374120222
Kien Giang,2012,winter_spring,70.6,High,65.45797552836484,5.142024471635153
Kien Giang,2012,summer_autumn,52.9,High,48.477159807193175,4.422840192806824
Kien Giang,2012,main_season,42.7,High,39.082172784575505,3.617827215424498
Kien Giang,2013,winter_spring,69.1,High,66.40916573971072,2.6908342602892787
Kien Giang,2013,summer_autumn,52.3,High,49.414690396737114,2.8853096032628827
Kien Giang,2013,main_season,42.9,High,40.024375231738986,2.8756247682610123
Kien Giang,2014,winter_spring,72.2,High,67.36035595105659,4.839644048943413
Kien Giang,2014,summer_autumn,53.1,High,50.352220986281054,2.7477790137189473
Kien Giang,2014,main_season,44.9,High,40.96657767890247,3.933422321097531
Kien Giang,2015,winter_spring,72.4,High,68.31154616240269,4.088453837597314
Kien Giang,2015,summer_autumn,53.5,High,51.289751575824994,2.210248424175006
Kien Giang,2015,main_season,45.0,High,41.90878012606595,3.091219873934051
Kien Giang,2016,winter_spring,61.5,Low,69.26273637374857,-7.762736373748567
Kien Giang,2016,summer_autumn,54.4,High,52.22728216536893,2.172717834631065
Kien Giang,2016,main_season,17.9,Low,42.85098257322943,-24.95098257322943
Kien Giang,2017,winter_spring,60.2,Low,70.21392658509444,-10.013926585094438
Kien Giang,2017,summer_autumn,54.6,Medium,53.16481275491287,1.4351872450871284
Kien Giang,2017,main_season,28.8,Low,43.79318502039291,-14.993185020392911
Kien Giang,2018,winter_spring,70.7,Medium,71.16511679644032,-0.4651167964403129
Kien Giang,2018,summer_autumn,51.3,Low,54.10234334445681,-2.8023433444568155
Kien Giang,2018,main_season,45.5,Medium,44.73538746755662,0.7646125324433797
Kien Giang,2019,winter_spring,68.8,Low,72.11630700778642,-3.3163070077864205
Kien Giang,2019,summer_autumn,53.8,Low,55.03987393400075,-1.2398739340007552
Kien Giang,2019,main_season,49.8,High,45.6775899147201,4.1224100852798955
Kien Giang,2020,winter_spring,73.2,Medium,73.06749721913229,0.1325027808677106
Kien Giang,2020,summer_autumn,55.8,Medium,55.97740452354469,-0.17740452354469483
Kien Giang,2020,main_season,51.4,High,46.61979236188358,4.780207638116416
Kien Giang,2021,winter_spring,76.2,High,74.01868743047817,2.181312569521836
Kien Giang,2021,summer_autumn,55.9,Medium,56.91493511308863,-1.014935113088633
Kien Giang,2021,main_season,45.5,Low,47.561994809047064,-2.0619948090470643
Kien Giang,2022,winter_spring,73.6,Low,74.96987764182427,-1.3698776418242744
Kien Giang,2022,summer_autumn,56.1,Low,57.85246570263257,-1.7524657026325698
Kien Giang,2022,main_season,53.8,High,48.504197256210546,5.2958027437894515
Kien Giang,2023,winter_spring,76.8,Medium,75.92106785317014,0.8789321468298539
Kien Giang,2023,summer_autumn,56.0,Low,58.78999629217651,-2.789996292176511
Kien Giang,2023,main_season,53.5,High,49.44639970337403,4.053600296625973
Kien Giang,2024,winter_spring,77.5,Medium,76.87225806451602,0.6277419354839822
Kien Giang,2024,summer_autumn,57.4,Low,59.72752688172045,-2.327526881720452
Kien Giang,2024,main_season,55.3,High,50.38860215053751,4.911397849462489
Can Tho,1995,winter_spring,52.3,Low,56.74989247311828,-4.4498924731182825
Can Tho,1995,summer_autumn,35.8,High,32.86795698924743,2.9320430107525652
Can Tho,1995,main_season,34.4,High,32.55999999999949,1.840000000000508
Can Tho,1996,winter_spring,56.5,Medium,57.451049314052625,-0.951049314052625
Can Tho,1996,summer_autumn,36.6,High,33.76717834631086,2.8328216536891446
Can Tho,1996,main_season,27.6,Low,30.220000000000255,-2.6200000000002532
Can Tho,1997,winter_spring,56.8,Low,58.15220615498697,-1.3522061549869733
Can Tho,1997,summer_autumn,34.6,Medium,34.66639970337428,-0.06639970337428025
Can Tho,1997,main_season,27.6,Medium,27.88000000000011,-0.2800000000001077
Can Tho,1998,winter_spring,58.1,Medium,58.853362995921316,-0.7533629959213144
Can Tho,1998,summer_autumn,34.9,Medium,35.56562106043771,-0.665621060437708
Can Tho,1998,main_season,26.6,Medium,25.539999999999964,1.0600000000000378
Can Tho,1999,winter_spring,54.9,Low,59.55451983685566,-4.654519836855663
Can Tho,1999,summer_autumn,34.9,Low,36.46484241750113,-1.5648424175011328
Can Tho,2000,winter_spring,57.1,Low,60.25567667779001,-3.155676677790005
Can Tho,2000,summer_autumn,36.6,Medium,37.36406377456433,-0.7640637745643275
Can Tho,2001,winter_spring,56.0,Low,60.95683351872458,-4.956833518724579
Can Tho,2001,summer_autumn,36.1,Low,38.263285131627754,-2.1632851316277524
Can Tho,2002,winter_spring,63.6,High,61.657990359658925,1.9420096403410767
Can Tho,2002,summer_autumn,38.6,Medium,39.16250648869118,-0.5625064886911773
Can Tho,2003,winter_spring,61.1,Low,62.35914720059327,-1.2591472005932687
Can Tho,2003,summer_autumn,38.3,Low,40.0617278457546,-1.7617278457546064
Can Tho,2004,winter_spring,68.0,High,63.060304041527615,4.9396959584723845
Can Tho,2004,summer_autumn,40.9,Medium,40.96094920281803,-0.060949202818029846
Can Tho,2005,winter_spring,69.7,High,63.76146088246196,5.938539117538042
Can Tho,2005,summer_autumn,42.0,Medium,41.86017055988145,0.1398294401185467
Can Tho,2006,winter_spring,66.9,High,64.4626177233963,2.4373822766036994
Can Tho,2006,summer_autumn,40.9,Low,42.75939191694488,-1.8593919169448796
Can Tho,2007,winter_spring,68.0,High,65.16377456433065,2.8362254356693484
Can Tho,2007,summer_autumn,43.6,Medium,43.6586132740083,-0.05861327400830163
Can Tho,2008,winter_spring,68.5,High,65.864931405265,2.635068594735003
Can Tho,2008,summer_autumn,45.1,Medium,44.55783463107173,0.5421653689282735
Can Tho,2009,winter_spring,67.3,Medium,66.56608824619957,0.7339117538004274
Can Tho,2009,summer_autumn,44.8,Medium,45.45705598813515,-0.6570559881351556
Can Tho,2010,winter_spring,70.6,High,67.26724508713392,3.332754912866079
Can Tho,2010,summer_autumn,47.0,Medium,46.35627734519858,0.6437226548014223
Can Tho,2011,winter_spring,71.6,High,67.96840192806826,3.631598071931734
Can Tho,2011,summer_autumn,48.1,Medium,47.255498702261775,0.8445012977382262
Can Tho,2012,winter_spring,72.9,High,68.6695587690026,4.2304412309974
Can Tho,2012,summer_autumn,48.4,Medium,48.1547200593252,0.24527994067479852
Can Tho,2013,winter_spring,72.4,High,69.37071560993695,3.0292843900630544
Can Tho,2013,summer_autumn,49.3,Medium,49.053941416388625,0.24605858361137223
Can Tho,2014,winter_spring,73.4,High,70.0718724508713,3.328127549128709
Can Tho,2014,summer_autumn,50.0,Medium,49.95316277345205,0.046837226547950195
Can Tho,2015,winter_spring,73.9,High,70.77302929180564,3.1269707081943636
Can Tho,2015,summer_autumn,50.7,Medium,50.852384130515475,-0.15238413051547184
Can Tho,2016,winter_spring,71.0,Medium,71.47418613273999,-0.47418613273998744
Can Tho,2016,summer_autumn,51.0,Medium,51.7516054875789,-0.7516054875788996
Can Tho,2017,winter_spring,65.2,Low,72.17534297367433,-6.97534297367433
Can Tho,2017,summer_autumn,53.7,Medium,52.650826844642324,1.0491731553576784
Can Tho,2018,winter_spring,71.6,Low,72.8764998146089,-1.2764998146089113
Can Tho,2018,summer_autumn,54.0,Medium,53.55004820170575,0.4499517982942507
Can Tho,2019,winter_spring,69.6,Low,73.57765665554325,-3.9776566555432566
Can Tho,2019,summer_autumn,55.7,Medium,54.449269558769174,1.2507304412308287
Can Tho,2020,winter_spring,72.2,Low,74.2788134964776,-2.0788134964775935
Can Tho,2020,summer_autumn,57.1,High,55.3484909158326,1.7515090841674024
Can Tho,2021,winter_spring,74.5,Medium,74.97997033741194,-0.4799703374119417
Can Tho,2021,summer_autumn,57.8,High,56.247712272896024,1.5522877271039732
Can Tho,2022,winter_spring,74.2,Low,75.68112717834629,-1.4811271783462843
Can Tho,2022,summer_autumn,57.2,Medium,57.14693362995922,0.05306637004078141
Can Tho,2023,winter_spring,74.6,Low,76.38228401928063,-1.7822840192806382
Can Tho,2023,summer_autumn,56.8,Low,58.046154987022646,-1.2461549870226492
Can Tho,2024,winter_spring,75.0,Low,77.08344086021498,-2.083440860214978
Can Tho,2024,summer_autumn,56.7,Low,58.94537634408607,-2.2453763440860683
Hau Giang,2004,winter_spring,61.3,High,59.69047619047615,1.60952380952385
Hau Giang,2004,summer_autumn,38.7,Medium,37.33549783549779,1.3645021645022126
Hau Giang,2005,winter_spring,63.9,High,60.69190476190488,3.208095238095119
Hau Giang,2005,summer_autumn,39.4,Medium,38.58575757575727,0.8142424242427282
Hau Giang,2006,winter_spring,62.1,Medium,61.693333333333385,0.40666666666661655
Hau Giang,2006,summer_autumn,37.8,Low,39.836017316017205,-2.036017316017208
Hau Giang,2007,winter_spring,52.7,Low,62.69476190476189,-9.994761904761887
Hau Giang,2007,summer_autumn,40.7,Medium,41.08627705627714,-0.3862770562771374
Hau Giang,2008,winter_spring,61.6,Low,63.696190476190395,-2.096190476190394
Hau Giang,2008,summer_autumn,42.6,Medium,42.33653679653662,0.26346320346338103
Hau Giang,2009,winter_spring,63.0,Low,64.69761904761913,-1.6976190476191277
Hau Giang,2009,summer_autumn,43.6,Medium,43.586796536796555,0.01320346320344612
Hau Giang,2010,winter_spring,65.1,Medium,65.69904761904763,-0.5990476190476386
Hau Giang,2010,summer_autumn,42.9,Low,44.837056277056035,-1.937056277056037
Hau Giang,2011,winter_spring,67.0,Medium,66.70047619047614,0.29952380952386193
Hau Giang,2011,summer_autumn,44.1,Low,46.08731601731597,-1.987316017315969
Hau Giang,2012,winter_spring,71.1,High,67.70190476190487,3.3980952380951237
Hau Giang,2012,summer_autumn,45.9,Low,47.33757575757545,-1.437575757575452
Hau Giang,2013,winter_spring,71.1,High,68.70333333333338,2.3966666666666185
Hau Giang,2013,summer_autumn,47.2,Low,48.587835497835385,-1.3878354978353826
Hau Giang,2014,winter_spring,75.2,High,69.70476190476188,5.495238095238122
Hau Giang,2014,summer_autumn,48.7,Medium,49.83809523809532,-1.1380952380953175
Hau Giang,2015,winter_spring,77.3,High,70.70619047619039,6.593809523809611
Hau Giang,2015,summer_autumn,53.1,High,51.0883549783548,2.011645021645201
Hau Giang,2016,winter_spring,70.0,Low,71.70761904761912,-1.7076190476191186
Hau Giang,2016,summer_autumn,55.0,High,52.338614718614735,2.6613852813852645
Hau Giang,2017,winter_spring,68.2,Low,72.70904761904762,-4.509047619047621
Hau Giang,2017,summer_autumn,56.7,High,53.588874458874216,3.111125541125787
Hau Giang,2018,winter_spring,73.1,Medium,73.71047619047613,-0.6104761904761347
Hau Giang,2018,summer_autumn,58.0,High,54.83913419913415,3.1608658008658495
Hau Giang,2019,winter_spring,73.4,Low,74.71190476190486,-1.3119047619048558
Hau Giang,2019,summer_autumn,58.1,High,56.08939393939363,2.0106060606063707
Hau Giang,2020,winter_spring,76.6,Medium,75.71333333333337,0.8866666666666276
Hau Giang,2020,summer_autumn,58.0,Medium,57.339653679653566,0.6603463203464344
Hau Giang,2021,winter_spring,78.2,Medium,76.71476190476187,1.485238095238131
Hau Giang,2021,summer_autumn,60.0,Medium,58.5899134199135,1.4100865800864995
Hau Giang,2022,winter_spring,77.8,Medium,77.71619047619038,0.08380952380962015
Hau Giang,2022,summer_autumn,58.9,Medium,59.84017316017298,-0.9401731601729821
Hau Giang,2023,winter_spring,77.5,Medium,78.71761904761911,-1.2176190476191096
Hau Giang,2023,summer_autumn,58.8,Low,61.090432900432916,-2.2904329004329185
Hau Giang,2024,winter_spring,77.6,Low,79.71904761904761,-2.1190476190476204
Hau Giang,2024,summer_autumn,58.4,Low,62.340692640692396,-3.940692640692397
Soc Trang,1995,winter_spring,48.1,High,43.904516129032345,4.1954838709676565
Soc Trang,1995,summer_autumn,45.4,High,40.486236559140025,4.913763440859974
Soc Trang,1995,main_season,32.2,Medium,31.48666666666668,0.713333333333324
Soc Trang,1996,winter_spring,43.0,Low,44.87041156840951,-1.8704115684095086
Soc Trang,1996,summer_autumn,33.7,Low,41.19224323322214,-7.4922432332221405
Soc Trang,1996,main_season,35.0,High,32.299770114942476,2.7002298850575244
Soc Trang,1997,winter_spring,42.6,Low,45.83630700778667,-3.236307007786671
Soc Trang,1997,summer_autumn,36.8,Low,41.89824990730449,-5.098249907304492
Soc Trang,1997,main_season,30.5,Low,33.11287356321827,-2.6128735632182725
Soc Trang,1998,winter_spring,45.2,Low,46.80220244716361,-1.6022024471636058
Soc Trang,1998,summer_autumn,41.8,Medium,42.604256581386835,-0.8042565813868379
Soc Trang,1998,main_season,28.7,Low,33.9259770114943,-5.225977011494297
Soc Trang,1999,winter_spring,45.3,Low,47.76809788654077,-2.468097886540775
Soc Trang,1999,summer_autumn,41.6,Low,43.31026325546918,-1.7102632554691795
Soc Trang,1999,main_season,36.4,High,34.73908045977009,1.660919540229905
Soc Trang,2000,winter_spring,48.5,Medium,48.733993325917936,-0.2339933259179361
Soc Trang,2000,summer_autumn,43.0,Medium,44.01626992955153,-1.0162699295515267
Soc Trang,2000,main_season,35.8,Medium,35.55218390804589,0.2478160919541068
Soc Trang,2001,winter_spring,44.7,Low,49.69988876529487,-4.99988876529487
Soc Trang,2001,summer_autumn,44.2,Medium,44.72227660363387,-0.5222766036338697
Soc Trang,2001,main_season,39.9,High,36.365287356321915,3.534712643678084
Soc Trang,2002,winter_spring,50.5,Medium,50.665784204672036,-0.16578420467203614
Soc Trang,2002,summer_autumn,45.3,Medium,45.42828327771622,-0.12828327771622128
Soc Trang,2002,main_season,37.5,Medium,37.17839080459771,0.3216091954022886
Soc Trang,2003,winter_spring,51.1,Medium,51.6316796440492,-0.5316796440491984
Soc Trang,2003,summer_autumn,44.3,Low,46.13428995179834,-1.8342899517983398
Soc Trang,2003,main_season,36.1,Low,37.99149425287351,-1.8914942528735068
Soc Trang,2004,winter_spring,52.4,Medium,52.597575083426136,-0.1975750834261376
Soc Trang,2004,summer_autumn,46.8,Medium,46.84029662588068,-0.04029662588068561
Soc Trang,2004,main_season,36.6,Low,38.804597701149305,-2.2045977011493036
Soc Trang,2005,winter_spring,55.3,High,53.5634705228033,1.7365294771966973
Soc Trang,2005,summer_autumn,49.5,High,47.54630329996303,1.9536967000369714
Soc Trang,2005,main_season,37.7,Low,39.61770114942533,-1.9177011494253264
Soc Trang,2006,winter_spring,53.8,Medium,54.529365962180236,-0.7293659621802391
Soc Trang,2006,summer_autumn,47.1,Medium,48.252309974045374,-1.152309974045373
Soc Trang,2006,main_season,38.9,Low,40.430804597701126,-1.5308045977011275
Soc Trang,2007,winter_spring,50.1,Low,55.4952614015574,-5.3952614015573985
Soc Trang,2007,summer_autumn,50.3,Medium,48.95831664812772,1.3416833518722768
Soc Trang,2007,main_season,38.3,Low,41.24390804597692,-2.943908045976926
Soc Trang,2008,winter_spring,59.1,High,56.461156840934564,2.6388431590654378
Soc Trang,2008,summer_autumn,51.1,Medium,49.664323322210066,1.4356766777899352
Soc Trang,2008,main_season,42.7,Medium,42.05701149425295,0.6429885057470557
Soc Trang,2009,winter_spring,58.6,Medium,57.4270522803115,1.1729477196885014
Soc Trang,2009,summer_autumn,50.4,Medium,50.37032999629241,0.029670003707586545
Soc Trang,2009,main_season,43.3,Medium,42.870114942528744,0.42988505747125316
Soc Trang,2010,winter_spring,62.5,High,58.392947719688664,4.107052280311336
Soc Trang,2010,summer_autumn,52.9,High,51.07633667037453,1.823663329625468
Soc Trang,2010,main_season,45.5,High,43.68321839080454,1.8167816091954592
Soc Trang,2011,winter_spring,63.9,High,59.35884315906583,4.541156840934171
Soc Trang,2011,summer_autumn,58.9,High,51.782343344456876,7.117656655543122
Soc Trang,2011,main_season,43.9,Medium,44.49632183908034,-0.5963218390803391
Soc Trang,2012,winter_spring,65.5,High,60.324738598442764,5.175261401557236
Soc Trang,2012,summer_autumn,60.6,High,52.48835001853922,8.11164998146078
Soc Trang,2012,main_season,47.9,High,45.30942528735636,2.5905747126436367
Soc Trang,2013,winter_spring,66.0,High,61.29063403781993,4.7093659621800725
Soc Trang,2013,summer_autumn,56.2,High,53.19435669262157,3.0056433073784348
Soc Trang,2013,main_season,50.3,High,46.12252873563216,4.177471264367838
Soc Trang,2014,winter_spring,68.0,High,62.25652947719709,5.743470522802909
Soc Trang,2014,summer_autumn,59.9,High,53.900363366703914,5.999636633296085
Soc Trang,2014,main_season,50.1,High,46.935632183907956,3.164367816092046
Soc Trang,2015,winter_spring,68.5,High,63.22242491657403,5.2775750834259725
Soc Trang,2015,summer_autumn,56.3,High,54.60637004078626,1.6936299592137374
Soc Trang,2015,main_season,51.0,High,47.74873563218398,3.2512643678160202
Soc Trang,2016,winter_spring,62.4,Low,64.18832035595119,-1.7883203559511927
Soc Trang,2016,summer_autumn,56.4,Medium,55.312376714868606,1.087623285131393
Soc Trang,2016,main_season,48.8,Medium,48.56183908045978,0.23816091954022056
Soc Trang,2017,winter_spring,64.5,Medium,65.15421579532835,-0.6542157953283549
Soc Trang,2017,summer_autumn,56.3,Medium,56.018383388950724,0.28161661104927305
Soc Trang,2017,main_season,51.2,High,49.37494252873557,1.8250574712644294
Soc Trang,2018,winter_spring,64.6,Low,66.12011123470529,-1.520111234705297
Soc Trang,2018,summer_autumn,56.1,Medium,56.72439006303307,-0.6243900630330685
Soc Trang,2018,main_season,51.3,Medium,50.18804597701137,1.1119540229886269
Soc Trang,2019,winter_spring,65.2,Low,67.08600667408245,-1.8860066740824522
Soc Trang,2019,summer_autumn,56.1,Low,57.430396737115416,-1.3303967371154144
Soc Trang,2019,main_season,50.1,Medium,51.001149425287394,-0.9011494252873931
Soc Trang,2020,winter_spring,64.8,Low,68.05190211345962,-3.2519021134596215
Soc Trang,2020,summer_autumn,52.4,Low,58.13640341119776,-5.736403411197763
Soc Trang,2020,main_season,51.2,Medium,51.81425287356319,-0.6142528735631885
Soc Trang,2021,winter_spring,67.9,Medium,69.01779755283656,-1.1177975528365494
Soc Trang,2021,summer_autumn,57.5,Low,58.84241008528011,-1.3424100852801075
Soc Trang,2021,main_season,50.5,Low,52.62735632183899,-2.127356321838988
Soc Trang,2022,winter_spring,67.1,Low,69.98369299221372,-2.8836929922137244
Soc Trang,2022,summer_autumn,54.7,Low,59.54841675936245,-4.8484167593624505
Soc Trang,2022,main_season,50.9,Low,53.44045977011501,-2.540459770115014
Soc Trang,2023,winter_spring,68.0,Low,70.94958843159088,-2.9495884315908825
Soc Trang,2023,summer_autumn,57.5,Low,60.2544234334448,-2.7544234334447992
Soc Trang,2023,main_season,51.1,Low,54.25356321839081,-3.1535632183908078
Soc Trang,2024,winter_spring,70.1,Low,71.91548387096782,-1.8154838709678245
Soc Trang,2024,summer_autumn,58.6,Low,60.96043010752692,-2.3604301075269163
Soc Trang,2024,main_season,54.9,Medium,55.066666666666606,-0.16666666666660745
Bac Lieu,1995,summer_autumn,33.7,Low,36.082365591397775,-2.3823655913977717
Bac Lieu,1995,main_season,38.7,High,35.758064516129025,2.941935483870978
Bac Lieu,1996,winter_spring,27.3,Low,31.91931034482741,-4.619310344827408
Bac Lieu,1996,summer_autumn,29.3,Low,37.022432332221115,-7.722432332221114
Bac Lieu,1996,main_season,42.6,High,36.49543937708563,6.10456062291437
Bac Lieu,1997,winter_spring,23.0,Low,33.79625615763507,-10.79625615763507
Bac Lieu,1997,summer_autumn,40.1,High,37.96249907304423,2.1375009269557737
Bac Lieu,1997,main_season,33.1,Low,37.23281423804224,-4.132814238042236
Bac Lieu,1998,winter_spring,24.9,Low,35.67320197044319,-10.77320197044319
Bac Lieu,1998,summer_autumn,41.6,High,38.90256581386734,2.6974341861326607
Bac Lieu,1998,main_season,41.8,High,37.970189098998844,3.829810901001153
Bac Lieu,1999,winter_spring,44.1,High,37.55014778325085,6.5498522167491515
Bac Lieu,1999,summer_autumn,40.4,Medium,39.842632554690454,0.557367445309545
Bac Lieu,1999,main_season,36.9,Low,38.70756395995545,-1.807563959955452
Bac Lieu,2000,winter_spring,42.0,High,39.42709359605897,2.572906403941033
Bac Lieu,2000,summer_autumn,42.9,High,40.78269929551357,2.117300704486432
Bac Lieu,2000,main_season,39.2,Medium,39.44493882091206,-0.2449388209120542
Bac Lieu,2001,winter_spring,40.6,Medium,41.30403940886663,-0.7040394088666275
Bac Lieu,2001,summer_autumn,42.7,Medium,41.72276603633668,0.9772339636633234
Bac Lieu,2001,main_season,39.2,Medium,40.18231368186889,-0.982313681868888
Bac Lieu,2002,winter_spring,44.2,Medium,43.180985221674746,1.019014778325257
Bac Lieu,2002,summer_autumn,44.3,High,42.66283277715979,1.6371672228402048
Bac Lieu,2002,main_season,36.8,Low,40.9196885428255,-4.1196885428255
Bac Lieu,2003,winter_spring,40.9,Low,45.05793103448241,-4.157931034482409
Bac Lieu,2003,summer_autumn,44.5,Medium,43.602899517982905,0.8971004820170947
Bac Lieu,2003,main_season,39.8,Low,41.657063403782104,-1.8570634037821065
Bac Lieu,2004,winter_spring,54.4,High,46.934876847290525,7.465123152709474
Bac Lieu,2004,summer_autumn,46.3,High,44.54296625880602,1.757033741193979
Bac Lieu,2004,main_season,41.9,Medium,42.39443826473871,-0.49443826473871155
Bac Lieu,2005,winter_spring,50.9,High,48.81182266009819,2.0881773399018115
Bac Lieu,2005,summer_autumn,47.3,High,45.48303299962936,1.8169670003706386
Bac Lieu,2005,main_season,45.2,High,43.13181312569532,2.0681868743046863
Bac Lieu,2006,winter_spring,56.1,High,50.688768472906304,5.4112315270936975
Bac Lieu,2006,summer_autumn,44.7,Low,46.42309974045247,-1.7230997404524686
Bac Lieu,2006,main_season,44.9,Medium,43.86918798665192,1.0308120133480756
Bac Lieu,2007,winter_spring,52.2,Medium,52.565714285713966,-0.36571428571396325
Bac Lieu,2007,summer_autumn,42.2,Low,47.363166481275584,-5.1631664812755815
Bac Lieu,2007,main_season,46.5,High,44.60656284760853,1.8934371523914706
Bac Lieu,2008,winter_spring,58.2,High,54.44266009852208,3.75733990147792
Bac Lieu,2008,summer_autumn,47.8,Medium,48.3032332220987,-0.5032332220987001
Bac Lieu,2008,main_season,45.1,Medium,45.343937708565136,-0.24393770856513441
Bac Lieu,2009,winter_spring,58.3,High,56.319605911329745,1.980394088670252
Bac Lieu,2009,summer_autumn,46.2,Low,49.24329996292181,-3.0432999629218074
Bac Lieu,2009,main_season,46.2,Medium,46.08131256952174,0.11868743047826058
Bac Lieu,2010,winter_spring,56.4,Low,58.19655172413786,-1.7965517241378635
Bac Lieu,2010,summer_autumn,50.5,Medium,50.18336670374492,0.31663329625507686
Bac Lieu,2010,main_season,47.6,Medium,46.81868743047835,0.7813125695216527
Bac Lieu,2011,winter_spring,66.7,High,60.073497536945524,6.626502463054479
Bac Lieu,2011,summer_autumn,54.0,High,51.123433444568036,2.876566555431964
Bac Lieu,2011,main_season,48.2,Medium,47.556062291434955,0.6439377085650477
Bac Lieu,2012,winter_spring,63.4,Medium,61.95044334975364,1.4495566502463575
Bac Lieu,2012,summer_autumn,53.7,High,52.06350018539115,1.6364998146088539
Bac Lieu,2012,main_season,50.0,High,48.29343715239156,1.7065628476084385
Bac Lieu,2013,winter_spring,66.0,High,63.8273891625613,2.1726108374386968
Bac Lieu,2013,summer_autumn,54.8,High,53.00356692621426,1.7964330737857352
Bac Lieu,2013,main_season,50.4,Medium,49.03081201334817,1.3691879866518306
Bac Lieu,2014,winter_spring,72.4,High,65.70433497536942,6.6956650246305855
Bac Lieu,2014,summer_autumn,55.4,Medium,53.943633667037375,1.4563663329626237
Bac Lieu,2014,main_season,50.3,Medium,49.768186874304774,0.5318131256952228
Bac Lieu,2015,winter_spring,72.8,High,67.58128078817708,5.218719211822915
Bac Lieu,2015,summer_autumn,57.4,High,54.883700407860715,2.5162995921392834
Bac Lieu,2015,main_season,43.6,Low,50.50556173526138,-6.905561735261379
Bac Lieu,2016,winter_spring,67.7,Low,69.4582266009852,-1.7582266009851963
Bac Lieu,2016,summer_autumn,57.6,High,55.82376714868383,1.7762328513161734
Bac Lieu,2016,main_season,41.8,Low,51.24293659621799,-9.44293659621799
Bac Lieu,2017,winter_spring,72.0,Medium,71.33517241379286,0.6648275862071387
Bac Lieu,2017,summer_autumn,56.6,Medium,56.76383388950694,-0.16383388950693956
Bac Lieu,2017,main_season,47.6,Low,51.980311457174594,-4.380311457174592
Bac Lieu,2018,winter_spring,73.7,Medium,73.21211822660052,0.48788177339947936
Bac Lieu,2018,summer_autumn,58.0,Medium,57.703900630330054,0.2960993696699461
Bac Lieu,2018,main_season,48.1,Low,52.7176863181312,-4.617686318131199
Bac Lieu,2019,winter_spring,74.6,Medium,75.08906403940864,-0.48906403940864607
Bac Lieu,2019,summer_autumn,58.7,Medium,58.64396737115317,0.05603262884683602
Bac Lieu,2019,main_season,49.4,Low,53.45506117908781,-4.055061179087808
Bac Lieu,2020,winter_spring,76.7,Medium,76.9660098522163,-0.2660098522162997
Bac Lieu,2020,summer_autumn,58.2,Low,59.58403411197628,-1.384034111976277
Bac Lieu,2020,main_season,56.0,High,54.19243604004464,1.8075639599553597
Bac Lieu,2021,winter_spring,77.3,Low,78.84295566502442,-1.5429556650244223
Bac Lieu,2021,summer_autumn,59.3,Medium,60.52410085279939,-1.2241008527993955
Bac Lieu,2021,main_season,60.9,High,54.92981090100125,5.970189098998752
Bac Lieu,2022,winter_spring,75.7,Low,80.71990147783208,-5.019901477832079
Bac Lieu,2022,summer_autumn,58.6,Low,61.464167593622506,-2.864167593622504
Bac Lieu,2022,main_season,60.7,High,55.66718576195785,5.03281423804215
Bac Lieu,2023,winter_spring,77.6,Low,82.5968472906402,-4.996847290640204
Bac Lieu,2023,summer_autumn,62.0,Medium,62.40423433444562,-0.4042343344456185
Bac Lieu,2023,main_season,58.4,High,56.40456062291446,1.995439377085539
Bac Lieu,2024,winter_spring,77.6,Low,84.47379310344786,-6.873793103447866
Bac Lieu,2024,summer_autumn,62.6,Medium,63.34430107526896,-0.7443010752689574
Bac Lieu,2024,main_season,62.6,High,57.141935483871066,5.458064516128935
Ca Mau,1995,summer_autumn,49.9,High,36.594193548387125,13.305806451612874
Ca Mau,1995,main_season,26.2,Low,28.489032258064526,-2.289032258064527
Ca Mau,1996,summer_autumn,33.6,Low,36.942180200222424,-3.3421802002224226
Ca Mau,1996,main_season,28.8,Medium,28.892547274749745,-0.09254727474974445
Ca Mau,1997,winter_spring,40.0,High,28.685179957657056,11.314820042342944
Ca Mau,1997,summer_autumn,37.1,Medium,37.29016685205784,-0.19016685205783546
Ca Mau,1997,main_season,21.9,Low,29.296062291434964,-7.396062291434966
Ca Mau,1998,winter_spring,13.2,Low,29.84887589474738,-16.64887589474738
Ca Mau,1998,summer_autumn,36.3,Low,37.63815350389325,-1.3381535038932526
Ca Mau,1998,main_season,29.8,Medium,29.699577308120183,0.10042269187981745
Ca Mau,1999,winter_spring,39.7,High,31.012571831837704,8.687428168162299
Ca Mau,1999,summer_autumn,38.6,Medium,37.98614015572855,0.6138598442714525
Ca Mau,1999,main_season,32.4,High,30.103092324805402,2.2969076751945963
Ca Mau,2000,winter_spring,36.7,High,32.17626776892848,4.52373223107152
Ca Mau,2000,summer_autumn,41.9,High,38.33412680756396,3.5658731924360367
Ca Mau,2000,main_season,29.5,Medium,30.50660734149062,-1.0066073414906214
Ca Mau,2001,winter_spring,39.6,High,33.33996370601881,6.260036293981194
Ca Mau,2001,summer_autumn,35.4,Low,38.682113459399375,-3.282113459399376
Ca Mau,2001,main_season,29.8,Medium,30.91012235817584,-1.1101223581758397
Ca Mau,2002,winter_spring,24.0,Low,34.50365964310913,-10.503659643109131
Ca Mau,2002,summer_autumn,37.2,Low,39.030100111234674,-1.830100111234671
Ca Mau,2002,main_season,30.7,Medium,31.313637374860946,-0.6136373748609465
Ca Mau,2003,summer_autumn,35.0,Low,39.37808676307009,-4.378086763070087
Ca Mau,2003,main_season,32.1,Medium,31.717152391546165,0.3828476084538366
Ca Mau,2004,summer_autumn,38.5,Medium,39.7260734149055,-1.2260734149054997
Ca Mau,2004,main_season,27.7,Low,32.120667408231384,-4.420667408231385
Ca Mau,2005,summer_autumn,41.6,High,40.0740600667408,1.5259399332592025
Ca Mau,2005,main_season,32.2,Medium,32.5241824249166,-0.3241824249166001
Ca Mau,2006,summer_autumn,36.6,Low,40.42204671857621,-3.8220467185762104
Ca Mau,2006,main_season,34.2,Medium,32.92769744160182,1.2723025583981808
Ca Mau,2007,summer_autumn,33.9,Low,40.770033370411625,-6.870033370411626
Ca Mau,2007,main_season,34.1,Medium,33.33121245828704,0.7687875417129604
Ca Mau,2008,summer_autumn,38.8,Low,41.118020022246924,-2.3180200222469267
Ca Mau,2008,main_season,35.4,High,33.73472747497226,1.6652725250277385
Ca Mau,2009,summer_autumn,39.3,Low,41.46600667408234,-2.1660066740823396
Ca Mau,2009,main_season,35.2,Medium,34.13824249165748,1.0617575083425237
Ca Mau,2010,summer_autumn,43.1,Medium,41.813993325917636,1.2860066740823655
Ca Mau,2010,main_season,38.3,High,34.541757508342585,3.7582424916574126
Ca Mau,2011,summer_autumn,45.3,High,42.16197997775305,3.1380200222469483
Ca Mau,2011,main_season,40.1,High,34.945272525027804,5.154727474972198
Ca Mau,2012,summer_autumn,47.7,High,42.50996662958846,5.190033370411541
Ca Mau,2012,main_season,41.2,High,35.34878754171302,5.85121245828698
Ca Mau,2013,summer_autumn,45.4,High,42.85795328142376,2.5420467185762377
Ca Mau,2013,main_season,43.0,High,35.75230255839824,7.247697441601758
Ca Mau,2014,summer_autumn,43.2,Medium,43.205939933259174,-0.005939933259170971
Ca Mau,2014,main_season,43.4,High,36.15581757508346,7.244182424916538
Ca Mau,2015,summer_autumn,41.8,Low,43.55392658509459,-1.7539265850945895
Ca Mau,2015,main_season,34.7,Low,36.55933259176868,-1.859332591768677
Ca Mau,2016,summer_autumn,44.8,Medium,43.901913236929886,0.8980867630701113
Ca Mau,2016,main_season,38.1,Medium,36.9628476084539,1.1371523915461026
Ca Mau,2017,winter_spring,30.0,Low,51.95909869946581,-21.959098699465812
Ca Mau,2017,summer_autumn,42.6,Low,44.2498998887653,-1.6498998887652974
Ca Mau,2017,main_season,38.1,Medium,37.36636262513912,0.7336373748608835
Ca Mau,2018,summer_autumn,41.3,Low,44.59788654060071,-3.2978865406007145
Ca Mau,2018,main_season,47.0,High,37.76987764182434,9.230122358175663
Ca Mau,2019,winter_spring,53.9,Medium,54.28649057364646,-0.3864905736464621
Ca Mau,2019,summer_autumn,46.8,High,44.94587319243601,1.8541268075639863
Ca Mau,2019,main_season,37.2,Medium,38.17339265850944,-0.9733926585094395
Ca Mau,2020,winter_spring,57.8,High,55.450186510736785,2.3498134892632123
Ca Mau,2020,summer_autumn,38.8,Low,45.293859844271424,-6.493859844271427
Ca Mau,2020,main_season,24.5,Low,38.57690767519466,-14.076907675194661
Ca Mau,2021,winter_spring,65.2,High,56.613882447827564,8.586117552172439
Ca Mau,2021,summer_autumn,48.5,High,45.64184649610684,2.8581535038931634
Ca Mau,2021,main_season,18.9,Low,38.98042269187988,-20.080422691879882
Ca Mau,2022,winter_spring,60.8,High,57.77757838491789,3.0224216150821093
Ca Mau,2022,summer_autumn,46.5,Medium,45.989833147942136,0.5101668520578642
Ca Mau,2022,main_season,41.0,High,39.3839377085651,1.6160622914349005
Ca Mau,2023,winter_spring,62.1,High,58.94127432200821,3.1587256779917894
Ca Mau,2023,summer_autumn,49.5,High,46.33781979977755,3.1621802002224513
Ca Mau,2023,main_season,42.9,High,39.78745272525032,3.11254727474968
Ca Mau,2024,winter_spring,61.7,High,60.104970259098536,1.5950297409014667
Ca Mau,2024,summer_autumn,50.2,High,46.68580645161296,3.5141935483870412
Ca Mau,2024,main_season,41.8,High,40.19096774193554,1.6090322580644596
